src_urn,src_corpus,src_id,dst_corpus,dst_id,dst_urn,raw_match,char_offset
urn:us-la:rs:1:1,rs,1:1,rs,20:1,urn:us-la:rs:20:1,R.S. 20:1,244
urn:us-la:rs:1:18,rs,1:18,rs,40:1061.1,urn:us-la:rs:40:1061.1,R.S. 40:1061.1,396
urn:us-la:rs:1:55,rs,1:55,rs,7:85,urn:us-la:rs:7:85,R.S. 7:85,2473
urn:us-la:rs:1:55,rs,1:55,rs,6:65,urn:us-la:rs:6:65,R.S. 6:65,10136
urn:us-la:rs:1:55,rs,1:55,rs,7:85,urn:us-la:rs:7:85,R.S. 7:85,11491
urn:us-la:rs:1:55,rs,1:55,rs,29:251.2,urn:us-la:rs:29:251.2,R.S. 29:251.2,20052
urn:us-la:rs:1:55,rs,1:55,ccp,5059,,Code of Civil Procedure Article 5059,19236
urn:us-la:rs:1:59,rs,1:59,rs,10:9,urn:us-la:rs:10:9,R.S. 10:9,247
urn:us-la:rs:14:1,rs,14:1,rs,14:30,urn:us-la:rs:14:30,R.S. 14:30,272
urn:us-la:rs:14:2,rs,14:2,rs,14:35.3,urn:us-la:rs:14:35.3,R.S. 14:35.3,4922
urn:us-la:rs:14:2,rs,14:2,rs,14:34.9,urn:us-la:rs:14:34.9,R.S. 14:34.9,5016
urn:us-la:rs:14:2,rs,14:2,rs,14:79,urn:us-la:rs:14:79,R.S. 14:79,5114
urn:us-la:rs:14:2,rs,14:2,rs,14:95.1,urn:us-la:rs:14:95.1,R.S. 14:95.1,5511
urn:us-la:rs:14:2,rs,14:2,rs,40:967,urn:us-la:rs:40:967,R.S. 40:967,5591
urn:us-la:rs:14:2,rs,14:2,rs,40:966,urn:us-la:rs:40:966,R.S. 40:966,5659
urn:us-la:rs:14:2,rs,14:2,rs,14:403,urn:us-la:rs:14:403,R.S. 14:403,6376
urn:us-la:rs:14:19,rs,14:19,rs,32:1,urn:us-la:rs:32:1,R.S. 32:1,521
urn:us-la:rs:14:20,rs,14:20,rs,32:1,urn:us-la:rs:32:1,R.S. 32:1,1033
urn:us-la:rs:14:20,rs,14:20,rs,32:1,urn:us-la:rs:32:1,R.S. 32:1,1274
urn:us-la:rs:14:27,rs,14:27,rs,14:51,urn:us-la:rs:14:51,R.S. 14:51,1028
urn:us-la:rs:14:27,rs,14:27,rs,40:2402,urn:us-la:rs:40:2402,R.S. 40:2402,3243
urn:us-la:rs:14:30,rs,14:30,rs,14:107.1,urn:us-la:rs:14:107.1,R.S. 14:107.1,1926
urn:us-la:rs:14:30,rs,14:30,rs,40:2402,urn:us-la:rs:40:2402,R.S. 40:2402,3716
urn:us-la:rs:14:30,rs,14:30,crp,782,,Code of Criminal Procedure Article 782,5275
urn:us-la:rs:14:30,rs,14:30,crp,782,,Code of Criminal Procedure Article 782,5591
urn:us-la:rs:14:31,rs,14:31,rs,14:2,urn:us-la:rs:14:2,R.S. 14:2,1107
urn:us-la:rs:14:32,rs,14:32,rs,32:1,urn:us-la:rs:32:1,R.S. 32:1,2680
urn:us-la:rs:14:32.1,rs,14:32.1,rs,32:662,urn:us-la:rs:32:662,R.S. 32:662,552
urn:us-la:rs:14:32.1,rs,14:32.1,rs,40:964,urn:us-la:rs:40:964,R.S. 40:964,1226
urn:us-la:rs:14:32.1,rs,14:32.1,rs,14:98,urn:us-la:rs:14:98,R.S. 14:98,2145
urn:us-la:rs:14:32.1,rs,14:32.1,crp,883,,Code of Criminal Procedure Article 883,2937
urn:us-la:rs:14:32.5,rs,14:32.5,rs,40:1061.23,urn:us-la:rs:40:1061.23,R.S. 40:1061.23,401
urn:us-la:rs:14:32.8,rs,14:32.8,rs,32:662,urn:us-la:rs:32:662,R.S. 32:662,725
urn:us-la:rs:14:32.8,rs,14:32.8,rs,40:964,urn:us-la:rs:40:964,R.S. 40:964,1400
urn:us-la:rs:14:32.12,rs,14:32.12,rs,40:1151.7,urn:us-la:rs:40:1151.7,R.S. 40:1151.7,930
urn:us-la:rs:14:34.2,rs,14:34.2,rs,40:2402,urn:us-la:rs:40:2402,R.S. 40:2402,3139
urn:us-la:rs:14:34.5.1,rs,14:34.5.1,rs,32:1,urn:us-la:rs:32:1,R.S. 32:1,310
urn:us-la:rs:14:34.8,rs,14:34.8,rs,40:1075.3,urn:us-la:rs:40:1075.3,R.S. 40:1075.3,1506
urn:us-la:rs:14:34.8,rs,14:34.8,rs,40:1131,urn:us-la:rs:40:1131,R.S. 40:1131,1562
urn:us-la:rs:14:34.9,rs,14:34.9,rs,14:2,urn:us-la:rs:14:2,R.S. 14:2,7501
urn:us-la:rs:14:35.3,rs,14:35.3,rs,14:2,urn:us-la:rs:14:2,R.S. 14:2,8028
urn:us-la:rs:14:37.1,rs,14:37.1,rs,14:30,urn:us-la:rs:14:30,R.S. 14:30,373
urn:us-la:rs:14:37.6,rs,14:37.6,rs,40:2402,urn:us-la:rs:40:2402,R.S. 40:2402,383
urn:us-la:rs:14:38.5,rs,14:38.5,rs,14:36,urn:us-la:rs:14:36,R.S. 14:36,408
urn:us-la:rs:14:38.5,rs,14:38.5,rs,14:34.8,urn:us-la:rs:14:34.8,R.S. 14:34.8,656
urn:us-la:rs:14:38.5,rs,14:38.5,rs,14:34.8,urn:us-la:rs:14:34.8,R.S. 14:34.8,744
urn:us-la:rs:14:38.5,rs,14:38.5,rs,14:34.8,urn:us-la:rs:14:34.8,R.S. 14:34.8,827
urn:us-la:rs:14:39,rs,14:39,rs,32:1,urn:us-la:rs:32:1,R.S. 32:1,1639
urn:us-la:rs:14:40.1,rs,14:40.1,rs,14:2,urn:us-la:rs:14:2,R.S. 14:2,767
urn:us-la:rs:14:40.2,rs,14:40.2,rs,46:2136.2,urn:us-la:rs:46:2136.2,R.S. 46:2136.2,9749
urn:us-la:rs:14:40.2,rs,14:40.2,rs,46:2136.2,urn:us-la:rs:46:2136.2,R.S. 46:2136.2,10421
urn:us-la:rs:14:40.2,rs,14:40.2,rs,46:2184,urn:us-la:rs:46:2184,R.S. 46:2184,11487
urn:us-la:rs:14:40.2,rs,14:40.2,rs,46:2182,urn:us-la:rs:46:2182,R.S. 46:2182,11622
urn:us-la:rs:14:40.6,rs,14:40.6,rs,17:416.15,urn:us-la:rs:17:416.15,R.S. 17:416.15,2547
urn:us-la:rs:14:40.9,rs,14:40.9,rs,14:34.8,urn:us-la:rs:14:34.8,R.S. 14:34.8,1115
urn:us-la:rs:14:40.9,rs,14:40.9,rs,14:34.8,urn:us-la:rs:14:34.8,R.S. 14:34.8,1203
urn:us-la:rs:14:40.9,rs,14:40.9,rs,14:34.8,urn:us-la:rs:14:34.8,R.S. 14:34.8,1456
urn:us-la:rs:14:42,rs,14:42,crp,782,,Code of Criminal Procedure Article 782,2070
urn:us-la:rs:14:42,rs,14:42,crp,782,,Code of Criminal Procedure Article 782,2391
urn:us-la:rs:14:43.1.1,rs,14:43.1.1,crp,894,,Code of Criminal Procedure Article 894,735
urn:us-la:rs:14:43.5,rs,14:43.5,rs,40:1131,urn:us-la:rs:40:1131,R.S. 40:1131,1106
urn:us-la:rs:14:43.6,rs,14:43.6,rs,14:42,urn:us-la:rs:14:42,R.S. 14:42,90
urn:us-la:rs:14:43.6,rs,14:43.6,rs,14:42.1,urn:us-la:rs:14:42.1,R.S. 14:42.1,136
urn:us-la:rs:14:43.6,rs,14:43.6,rs,14:43.1,urn:us-la:rs:14:43.1,R.S. 14:43.1,183
urn:us-la:rs:14:43.6,rs,14:43.6,rs,14:43.2,urn:us-la:rs:14:43.2,R.S. 14:43.2,265
urn:us-la:rs:14:43.6,rs,14:43.6,rs,14:81.2,urn:us-la:rs:14:81.2,R.S. 14:81.2,310
urn:us-la:rs:14:43.6,rs,14:43.6,rs,14:89.1,urn:us-la:rs:14:89.1,R.S. 14:89.1,407
urn:us-la:rs:14:43.6,rs,14:43.6,rs,14:42,urn:us-la:rs:14:42,R.S. 14:42,758
urn:us-la:rs:14:43.6,rs,14:43.6,rs,14:42.1,urn:us-la:rs:14:42.1,R.S. 14:42.1,805
urn:us-la:rs:14:43.6,rs,14:43.6,rs,14:43.1,urn:us-la:rs:14:43.1,R.S. 14:43.1,852
urn:us-la:rs:14:43.6,rs,14:43.6,rs,14:43.2,urn:us-la:rs:14:43.2,R.S. 14:43.2,934
urn:us-la:rs:14:43.6,rs,14:43.6,rs,14:81.2,urn:us-la:rs:14:81.2,R.S. 14:81.2,979
urn:us-la:rs:14:43.6,rs,14:43.6,rs,14:89.1,urn:us-la:rs:14:89.1,R.S. 14:89.1,1076
urn:us-la:rs:14:43.7,rs,14:43.7,rs,15:541,urn:us-la:rs:15:541,R.S. 15:541,112
urn:us-la:rs:14:43.7,rs,14:43.7,rs,15:541,urn:us-la:rs:15:541,R.S. 15:541,173
urn:us-la:rs:14:43.7,rs,14:43.7,rs,14:43.1,urn:us-la:rs:14:43.1,R.S. 14:43.1,225
urn:us-la:rs:14:44.1,rs,14:44.1,rs,15:541,urn:us-la:rs:15:541,R.S. 15:541,467
urn:us-la:rs:14:44.1,rs,14:44.1,rs,14:45,urn:us-la:rs:14:45,R.S. 14:45,562
urn:us-la:rs:14:44.1,rs,14:44.1,rs,14:110,urn:us-la:rs:14:110,R.S. 14:110,961
urn:us-la:rs:14:44.2,rs,14:44.2,rs,14:44.1,urn:us-la:rs:14:44.1,R.S. 14:44.1,725
urn:us-la:rs:14:44.2,rs,14:44.2,rs,15:541,urn:us-la:rs:15:541,R.S. 15:541,861
urn:us-la:rs:14:46.2,rs,14:46.2,rs,15:541,urn:us-la:rs:15:541,R.S. 15:541,1798
urn:us-la:rs:14:46.2,rs,14:46.2,rs,40:961,urn:us-la:rs:40:961,R.S. 40:961,4843
urn:us-la:rs:14:46.2,rs,14:46.2,rs,14:66,urn:us-la:rs:14:66,R.S. 14:66,5121
urn:us-la:rs:14:46.2,rs,14:46.2,rs,15:541,urn:us-la:rs:15:541,R.S. 15:541,6175
urn:us-la:rs:14:46.2,rs,14:46.2,rs,14:82,urn:us-la:rs:14:82,R.S. 14:82,6336
urn:us-la:rs:14:46.2,rs,14:46.2,rs,14:83.3,urn:us-la:rs:14:83.3,R.S. 14:83.3,6368
urn:us-la:rs:14:46.2,rs,14:46.2,rs,14:83.4,urn:us-la:rs:14:83.4,R.S. 14:83.4,6413
urn:us-la:rs:14:46.2,rs,14:46.2,rs,14:89,urn:us-la:rs:14:89,R.S. 14:89,6469
urn:us-la:rs:14:46.2,rs,14:46.2,rs,14:89.2,urn:us-la:rs:14:89.2,R.S. 14:89.2,6509
urn:us-la:rs:14:50.2,rs,14:50.2,rs,14:2,urn:us-la:rs:14:2,R.S. 14:2,202
urn:us-la:rs:14:50.2,rs,14:50.2,rs,14:30,urn:us-la:rs:14:30,R.S. 14:30,258
urn:us-la:rs:14:50.2,rs,14:50.2,rs,14:30.1,urn:us-la:rs:14:30.1,R.S. 14:30.1,293
urn:us-la:rs:14:50.2,rs,14:50.2,rs,14:37,urn:us-la:rs:14:37,R.S. 14:37,328
urn:us-la:rs:14:50.2,rs,14:50.2,rs,14:42,urn:us-la:rs:14:42,R.S. 14:42,374
urn:us-la:rs:14:50.2,rs,14:50.2,rs,14:44,urn:us-la:rs:14:44,R.S. 14:44,414
urn:us-la:rs:14:52,rs,14:52,rs,14:51,urn:us-la:rs:14:51,R.S. 14:51,208
urn:us-la:rs:14:52.2,rs,14:52.2,rs,33:4771,urn:us-la:rs:33:4771,R.S. 33:4771,66
urn:us-la:rs:14:52.2,rs,14:52.2,rs,15:562.3,urn:us-la:rs:15:562.3,R.S. 15:562.3,2017
urn:us-la:rs:14:52.2,rs,14:52.2,rs,3:17,urn:us-la:rs:3:17,R.S. 3:17,2223
urn:us-la:rs:14:54.2,rs,14:54.2,rs,40:1472.1,urn:us-la:rs:40:1472.1,R.S. 40:1472.1,77
urn:us-la:rs:14:54.2,rs,14:54.2,rs,51:650,urn:us-la:rs:51:650,R.S. 51:650,559
urn:us-la:rs:14:54.3,rs,14:54.3,rs,40:1472.1,urn:us-la:rs:40:1472.1,R.S. 40:1472.1,79
urn:us-la:rs:14:54.3,rs,14:54.3,rs,25:799,urn:us-la:rs:25:799,R.S. 25:799,1222
urn:us-la:rs:14:54.3,rs,14:54.3,rs,33:2740.3,urn:us-la:rs:33:2740.3,R.S. 33:2740.3,1287
urn:us-la:rs:14:54.3,rs,14:54.3,rs,33:130.862,urn:us-la:rs:33:130.862,R.S. 33:130.862,1408
urn:us-la:rs:14:54.3,rs,14:54.3,rs,51:650,urn:us-la:rs:51:650,R.S. 51:650,2080
urn:us-la:rs:14:54.4,rs,14:54.4,rs,14:54.3,urn:us-la:rs:14:54.3,R.S. 14:54.3,580
urn:us-la:rs:14:54.4,rs,14:54.4,rs,14:54.2,urn:us-la:rs:14:54.2,R.S. 14:54.2,1373
urn:us-la:rs:14:54.4,rs,14:54.4,rs,14:54.2,urn:us-la:rs:14:54.2,R.S. 14:54.2,2488
urn:us-la:rs:14:54.4,rs,14:54.4,rs,14:54.2,urn:us-la:rs:14:54.2,R.S. 14:54.2,3410
urn:us-la:rs:14:54.4,rs,14:54.4,rs,14:54.3,urn:us-la:rs:14:54.3,R.S. 14:54.3,3426
urn:us-la:rs:14:54.4,rs,14:54.4,rs,14:54.4,urn:us-la:rs:14:54.4,R.S. 14:54.4,4318
urn:us-la:rs:14:54.4,rs,14:54.4,rs,14:54.2,urn:us-la:rs:14:54.2,R.S. 14:54.2,5112
urn:us-la:rs:14:54.4,rs,14:54.4,rs,14:54.3,urn:us-la:rs:14:54.3,R.S. 14:54.3,5128
urn:us-la:rs:14:54.4,rs,14:54.4,rs,14:54.4,urn:us-la:rs:14:54.4,R.S. 14:54.4,6467
urn:us-la:rs:14:54.5,rs,14:54.5,rs,14:54.3,urn:us-la:rs:14:54.3,R.S. 14:54.3,863
urn:us-la:rs:14:56,rs,14:56,rs,14:55,urn:us-la:rs:14:55,R.S. 14:55,157
urn:us-la:rs:14:61.1,rs,14:61.1,rs,14:61,urn:us-la:rs:14:61,R.S. 14:61,119
urn:us-la:rs:14:61.1,rs,14:61.1,rs,14:26,urn:us-la:rs:14:26,R.S. 14:26,914
urn:us-la:rs:14:61.1,rs,14:61.1,rs,14:26,urn:us-la:rs:14:26,R.S. 14:26,980
urn:us-la:rs:14:61.1,rs,14:61.1,crp,883.2,,Code of Criminal Procedure Article 883.2,843
urn:us-la:rs:14:62,rs,14:62,rs,14:60,urn:us-la:rs:14:60,R.S. 14:60,259
urn:us-la:rs:14:62.2,rs,14:62.2,rs,14:60,urn:us-la:rs:14:60,R.S. 14:60,290
urn:us-la:rs:14:62.7,rs,14:62.7,rs,29:721,urn:us-la:rs:29:721,R.S. 29:721,478
urn:us-la:rs:14:63,rs,14:63,rs,14:337,urn:us-la:rs:14:337,R.S. 14:337,499
urn:us-la:rs:14:63,rs,14:63,rs,14:337,urn:us-la:rs:14:337,R.S. 14:337,1874
urn:us-la:rs:14:63,rs,14:63,rs,37:682,urn:us-la:rs:37:682,R.S. 37:682,4053
urn:us-la:rs:14:63,rs,14:63,rs,56:8,urn:us-la:rs:56:8,R.S. 56:8,7126
urn:us-la:rs:14:63,rs,14:63,rs,56:40.1,urn:us-la:rs:56:40.1,R.S. 56:40.1,7417
urn:us-la:rs:14:63,rs,14:63,rs,56:40.2,urn:us-la:rs:56:40.2,R.S. 56:40.2,7588
urn:us-la:rs:14:63,rs,14:63,rs,3:3622,urn:us-la:rs:3:3622,R.S. 3:3622,9292
urn:us-la:rs:14:63,rs,14:63,ccp,4704,,Code of Civil Procedure Article 4704,1240
urn:us-la:rs:14:63,rs,14:63,ccp,4702,,Code of Civil Procedure Article 4702,1372
urn:us-la:rs:14:63.3,rs,14:63.3,rs,3:3622,urn:us-la:rs:3:3622,R.S. 3:3622,1417
urn:us-la:rs:14:63.4,rs,14:63.4,rs,3:3622,urn:us-la:rs:3:3622,R.S. 3:3622,1423
urn:us-la:rs:14:64.2,rs,14:64.2,rs,32:1,urn:us-la:rs:32:1,R.S. 32:1,74
urn:us-la:rs:14:64.2.1,rs,14:64.2.1,rs,14:64.2,urn:us-la:rs:14:64.2,R.S. 14:64.2,212
urn:us-la:rs:14:64.3,rs,14:64.3,rs,14:64,urn:us-la:rs:14:64,R.S. 14:64,384
urn:us-la:rs:14:64.3,rs,14:64.3,rs,14:27,urn:us-la:rs:14:27,R.S. 14:27,791
urn:us-la:rs:14:66,rs,14:66,rs,14:87.1,urn:us-la:rs:14:87.1,R.S. 14:87.1,1261
urn:us-la:rs:14:66,rs,14:66,crp,215,,Code of Criminal Procedure Article 215,610
urn:us-la:rs:14:67.1,rs,14:67.1,rs,3:663,urn:us-la:rs:3:663,R.S. 3:663,595
urn:us-la:rs:14:67.1,rs,14:67.1,rs,3:663,urn:us-la:rs:3:663,R.S. 3:663,908
urn:us-la:rs:14:67.1,rs,14:67.1,rs,3:663,urn:us-la:rs:3:663,R.S. 3:663,1542
urn:us-la:rs:14:67.1,rs,14:67.1,rs,3:663,urn:us-la:rs:3:663,R.S. 3:663,1788
urn:us-la:rs:14:67.3,rs,14:67.3,crp,883.2,,Code of Criminal Procedure Article 883.2,473
urn:us-la:rs:14:67.4,rs,14:67.4,crp,883.2,,Code of Criminal Procedure Article 883.2,3640
urn:us-la:rs:14:67.6,rs,14:67.6,crp,883.2,,Code of Criminal Procedure Article 883.2,1737
urn:us-la:rs:14:67.7,rs,14:67.7,crp,883.2,,Code of Criminal Procedure Article 883.2,1729
urn:us-la:rs:14:67.13,rs,14:67.13,crp,883.2,,Code of Criminal Procedure Article 883.2,1110
urn:us-la:rs:14:67.16,rs,14:67.16,rs,51:1741.1,urn:us-la:rs:51:1741.1,R.S. 51:1741.1,9658
urn:us-la:rs:14:67.19.1,rs,14:67.19.1,rs,3:1355,urn:us-la:rs:3:1355,R.S. 3:1355,606
urn:us-la:rs:14:67.24,rs,14:67.24,rs,14:69,urn:us-la:rs:14:69,R.S. 14:69,106
urn:us-la:rs:14:67.24,rs,14:67.24,rs,14:61,urn:us-la:rs:14:61,R.S. 14:61,336
urn:us-la:rs:14:68.2,rs,14:68.2,rs,14:68.2.1,urn:us-la:rs:14:68.2.1,R.S. 14:68.2.1,34
urn:us-la:rs:14:68.2.1,rs,14:68.2.1,rs,14:68.2,urn:us-la:rs:14:68.2,R.S. 14:68.2,359
urn:us-la:rs:14:68.2.1,rs,14:68.2.1,rs,46:114.1,urn:us-la:rs:46:114.1,R.S. 46:114.1,471
urn:us-la:rs:14:68.4.2,rs,14:68.4.2,rs,14:68.4.1,urn:us-la:rs:14:68.4.1,R.S. 14:68.4.1,110
urn:us-la:rs:14:69.1,rs,14:69.1,rs,9:4502,urn:us-la:rs:9:4502,R.S. 9:4502,836
urn:us-la:rs:14:70.4,rs,14:70.4,crp,883.2,,Code of Criminal Procedure Article 883.2,3056
urn:us-la:rs:14:70.5,rs,14:70.5,rs,46:438.2,urn:us-la:rs:46:438.2,R.S. 46:438.2,1107
urn:us-la:rs:14:70.8,rs,14:70.8,crp,883.2,,Code of Criminal Procedure Article 883.2,972
urn:us-la:rs:14:71.1,rs,14:71.1,crp,883.2,,Code of Criminal Procedure Article 883.2,1134
urn:us-la:rs:14:71.2,rs,14:71.2,rs,47:820.5.1,urn:us-la:rs:47:820.5.1,R.S. 47:820.5.1,425
urn:us-la:rs:14:71.2,rs,14:71.2,rs,47:820.5.2,urn:us-la:rs:47:820.5.2,R.S. 47:820.5.2,1120
urn:us-la:rs:14:71.2,rs,14:71.2,rs,47:820.5.2,urn:us-la:rs:47:820.5.2,R.S. 47:820.5.2,1298
urn:us-la:rs:14:71.2,rs,14:71.2,rs,47:820.5.1,urn:us-la:rs:47:820.5.1,R.S. 47:820.5.1,1748
urn:us-la:rs:14:71.3.2,rs,14:71.3.2,rs,47:2132,urn:us-la:rs:47:2132,R.S. 47:2132,161
urn:us-la:rs:14:71.3.2,rs,14:71.3.2,rs,47:2158.1,urn:us-la:rs:47:2158.1,R.S. 47:2158.1,209
urn:us-la:rs:14:71.3.2,rs,14:71.3.2,rs,47:2122,urn:us-la:rs:47:2122,R.S. 47:2122,2170
urn:us-la:rs:14:71.5,rs,14:71.5,crp,883.2,,Code of Criminal Procedure Article 883.2,2146
urn:us-la:rs:14:72.2,rs,14:72.2,crp,883.2,,Code of Criminal Procedure Article 883.2,3786
urn:us-la:rs:14:72.3,rs,14:72.3,rs,14:67.3,urn:us-la:rs:14:67.3,R.S. 14:67.3,945
urn:us-la:rs:14:72.3,rs,14:72.3,rs,14:67.16,urn:us-la:rs:14:67.16,R.S. 14:67.16,1013
urn:us-la:rs:14:72.3,rs,14:72.3,rs,14:70.4,urn:us-la:rs:14:70.4,R.S. 14:70.4,1063
urn:us-la:rs:14:73.1,rs,14:73.1,rs,14:67.3,urn:us-la:rs:14:67.3,R.S. 14:67.3,2389
urn:us-la:rs:14:73.1,rs,14:73.1,rs,51:1431,urn:us-la:rs:51:1431,R.S. 51:1431,2538
urn:us-la:rs:14:73.1,rs,14:73.1,rs,14:2,urn:us-la:rs:14:2,R.S. 14:2,3852
urn:us-la:rs:14:73.8,rs,14:73.8,rs,14:81.1,urn:us-la:rs:14:81.1,R.S. 14:81.1,295
urn:us-la:rs:14:73.9,rs,14:73.9,rs,14:100.12,urn:us-la:rs:14:100.12,R.S. 14:100.12,495
urn:us-la:rs:14:73.12,rs,14:73.12,rs,44:1,urn:us-la:rs:44:1,R.S. 44:1,1552
urn:us-la:rs:14:73.12,rs,14:73.12,rs,14:125,urn:us-la:rs:14:125,R.S. 14:125,5578
urn:us-la:rs:14:74,rs,14:74,rs,15:305,urn:us-la:rs:15:305,R.S. 15:305,2850
urn:us-la:rs:14:74.1,rs,14:74.1,rs,14:74,urn:us-la:rs:14:74,R.S. 14:74,137
urn:us-la:rs:14:79,rs,14:79,rs,9:361,urn:us-la:rs:9:361,R.S. 9:361,148
urn:us-la:rs:14:79,rs,14:79,rs,9:372,urn:us-la:rs:9:372,R.S. 9:372,168
urn:us-la:rs:14:79,rs,14:79,rs,46:2131,urn:us-la:rs:46:2131,R.S. 46:2131,180
urn:us-la:rs:14:79,rs,14:79,rs,46:2151,urn:us-la:rs:46:2151,R.S. 46:2151,202
urn:us-la:rs:14:79,rs,14:79,rs,46:2171,urn:us-la:rs:46:2171,R.S. 46:2171,216
urn:us-la:rs:14:79,rs,14:79,rs,46:2181,urn:us-la:rs:46:2181,R.S. 46:2181,238
urn:us-la:rs:14:79,rs,14:79,rs,9:361,urn:us-la:rs:9:361,R.S. 9:361,551
urn:us-la:rs:14:79,rs,14:79,rs,9:372,urn:us-la:rs:9:372,R.S. 9:372,571
urn:us-la:rs:14:79,rs,14:79,rs,46:2131,urn:us-la:rs:46:2131,R.S. 46:2131,583
urn:us-la:rs:14:79,rs,14:79,rs,46:2151,urn:us-la:rs:46:2151,R.S. 46:2151,605
urn:us-la:rs:14:79,rs,14:79,rs,46:2171,urn:us-la:rs:46:2171,R.S. 46:2171,619
urn:us-la:rs:14:79,rs,14:79,rs,46:2136.2,urn:us-la:rs:46:2136.2,R.S. 46:2136.2,1884
urn:us-la:rs:14:79,rs,14:79,rs,15:574.4.2,urn:us-la:rs:15:574.4.2,R.S. 15:574.4.2,3132
urn:us-la:rs:14:79,rs,14:79,rs,46:1846,urn:us-la:rs:46:1846,R.S. 46:1846,3288
urn:us-la:rs:14:79,rs,14:79,rs,46:2136.3,urn:us-la:rs:46:2136.3,R.S. 46:2136.3,3432
urn:us-la:rs:14:79,rs,14:79,rs,14:95.1,urn:us-la:rs:14:95.1,R.S. 14:95.1,3552
urn:us-la:rs:14:79,rs,14:79,rs,14:35.3,urn:us-la:rs:14:35.3,R.S. 14:35.3,4584
urn:us-la:rs:14:79,rs,14:79,rs,14:2,urn:us-la:rs:14:2,R.S. 14:2,4809
urn:us-la:rs:14:79,rs,14:79,rs,14:35.3,urn:us-la:rs:14:35.3,R.S. 14:35.3,5636
urn:us-la:rs:14:79,rs,14:79,rs,14:2,urn:us-la:rs:14:2,R.S. 14:2,5803
urn:us-la:rs:14:79,rs,14:79,rs,9:361,urn:us-la:rs:9:361,R.S. 9:361,7129
urn:us-la:rs:14:79,rs,14:79,rs,9:372,urn:us-la:rs:9:372,R.S. 9:372,7141
urn:us-la:rs:14:79,rs,14:79,rs,46:2131,urn:us-la:rs:46:2131,R.S. 46:2131,7153
urn:us-la:rs:14:79,rs,14:79,rs,46:2151,urn:us-la:rs:46:2151,R.S. 46:2151,7175
urn:us-la:rs:14:79,rs,14:79,rs,46:2171,urn:us-la:rs:46:2171,R.S. 46:2171,7189
urn:us-la:rs:14:79,rs,14:79,rs,46:2181,urn:us-la:rs:46:2181,R.S. 46:2181,7211
urn:us-la:rs:14:79,rs,14:79,rs,9:361,urn:us-la:rs:9:361,R.S. 9:361,7503
urn:us-la:rs:14:79,rs,14:79,rs,9:372,urn:us-la:rs:9:372,R.S. 9:372,7515
urn:us-la:rs:14:79,rs,14:79,rs,46:2131,urn:us-la:rs:46:2131,R.S. 46:2131,7527
urn:us-la:rs:14:79,rs,14:79,rs,46:2151,urn:us-la:rs:46:2151,R.S. 46:2151,7549
urn:us-la:rs:14:79,rs,14:79,rs,46:2171,urn:us-la:rs:46:2171,R.S. 46:2171,7563
urn:us-la:rs:14:79,rs,14:79,rs,46:2181,urn:us-la:rs:46:2181,R.S. 46:2181,7585
urn:us-la:rs:14:79,rs,14:79,rs,9:361,urn:us-la:rs:9:361,R.S. 9:361,8088
urn:us-la:rs:14:79,rs,14:79,rs,9:372,urn:us-la:rs:9:372,R.S. 9:372,8108
urn:us-la:rs:14:79,rs,14:79,rs,46:2131,urn:us-la:rs:46:2131,R.S. 46:2131,8120
urn:us-la:rs:14:79,rs,14:79,rs,46:2151,urn:us-la:rs:46:2151,R.S. 46:2151,8142
urn:us-la:rs:14:79,rs,14:79,rs,46:2181,urn:us-la:rs:46:2181,R.S. 46:2181,8156
urn:us-la:rs:14:79,rs,14:79,crp,320,,Code of Criminal Procedure Article 320,686
urn:us-la:rs:14:79,rs,14:79,crp,320,,Code of Criminal Procedure Article 320,7698
urn:us-la:rs:14:79.1,rs,14:79.1,rs,14:93.3,urn:us-la:rs:14:93.3,R.S. 14:93.3,526
urn:us-la:rs:14:80,rs,14:80,rs,15:542,urn:us-la:rs:15:542,R.S. 15:542,658
urn:us-la:rs:14:80,rs,14:80,crp,893,,Code of Criminal Procedure Article 893,1361
urn:us-la:rs:14:81,rs,14:81,rs,15:541,urn:us-la:rs:15:541,R.S. 15:541,1659
urn:us-la:rs:14:81,rs,14:81,crp,893,,Code of Criminal Procedure Article 893,3196
urn:us-la:rs:14:81.1,rs,14:81.1,rs,40:961,urn:us-la:rs:40:961,R.S. 40:961,2258
urn:us-la:rs:14:81.1,rs,14:81.1,rs,14:66,urn:us-la:rs:14:66,R.S. 14:66,2536
urn:us-la:rs:14:81.2,rs,14:81.2,crp,893,,Code of Criminal Procedure Article 893,1950
urn:us-la:rs:14:81.2,rs,14:81.2,crp,893,,Code of Criminal Procedure Article 893,2491
urn:us-la:rs:14:81.2,rs,14:81.2,crp,893,,Code of Criminal Procedure Article 893,3354
urn:us-la:rs:14:81.3,rs,14:81.3,rs,14:2,urn:us-la:rs:14:2,R.S. 14:2,617
urn:us-la:rs:14:81.3,rs,14:81.3,rs,40:961,urn:us-la:rs:40:961,R.S. 40:961,6171
urn:us-la:rs:14:81.3,rs,14:81.3,rs,14:66,urn:us-la:rs:14:66,R.S. 14:66,6449
urn:us-la:rs:14:81.3,rs,14:81.3,rs,15:541,urn:us-la:rs:15:541,R.S. 15:541,8352
urn:us-la:rs:14:81.5,rs,14:81.5,rs,15:440.1,urn:us-la:rs:15:440.1,R.S. 15:440.1,282
urn:us-la:rs:14:81.5,rs,14:81.5,rs,15:440.5,urn:us-la:rs:15:440.5,R.S. 15:440.5,709
urn:us-la:rs:14:81.5.1,rs,14:81.5.1,rs,15:574.12.1,urn:us-la:rs:15:574.12.1,R.S. 15:574.12.1,960
urn:us-la:rs:14:82,rs,14:82,rs,14:46.3,urn:us-la:rs:14:46.3,R.S. 14:46.3,2806
urn:us-la:rs:14:82,rs,14:82,rs,14:46.2,urn:us-la:rs:14:46.2,R.S. 14:46.2,3225
urn:us-la:rs:14:82.2,rs,14:82.2,rs,15:539.4,urn:us-la:rs:15:539.4,R.S. 15:539.4,723
urn:us-la:rs:14:82.2,rs,14:82.2,rs,15:539.4,urn:us-la:rs:15:539.4,R.S. 15:539.4,1038
urn:us-la:rs:14:82.2,rs,14:82.2,rs,15:539.4,urn:us-la:rs:15:539.4,R.S. 15:539.4,1384
urn:us-la:rs:14:82.2,rs,14:82.2,rs,14:46.2,urn:us-la:rs:14:46.2,R.S. 14:46.2,1610
urn:us-la:rs:14:82.2,rs,14:82.2,rs,14:46.3,urn:us-la:rs:14:46.3,R.S. 14:46.3,1684
urn:us-la:rs:14:82.2,rs,14:82.2,rs,15:539.4,urn:us-la:rs:15:539.4,R.S. 15:539.4,2046
urn:us-la:rs:14:82.2,rs,14:82.2,rs,15:539.4,urn:us-la:rs:15:539.4,R.S. 15:539.4,2543
urn:us-la:rs:14:82.2,rs,14:82.2,rs,15:243,urn:us-la:rs:15:243,R.S. 15:243,2729
urn:us-la:rs:14:83,rs,14:83,rs,15:539.4,urn:us-la:rs:15:539.4,R.S. 15:539.4,414
urn:us-la:rs:14:83,rs,14:83,rs,15:539.4,urn:us-la:rs:15:539.4,R.S. 15:539.4,776
urn:us-la:rs:14:83,rs,14:83,rs,15:539.4,urn:us-la:rs:15:539.4,R.S. 15:539.4,1267
urn:us-la:rs:14:83,rs,14:83,rs,15:539.4,urn:us-la:rs:15:539.4,R.S. 15:539.4,1768
urn:us-la:rs:14:83,rs,14:83,rs,15:243,urn:us-la:rs:15:243,R.S. 15:243,1942
urn:us-la:rs:14:83,rs,14:83,rs,15:243,urn:us-la:rs:15:243,R.S. 15:243,2377
urn:us-la:rs:14:83,rs,14:83,rs,14:46.2,urn:us-la:rs:14:46.2,R.S. 14:46.2,2628
urn:us-la:rs:14:83,rs,14:83,rs,14:46.3,urn:us-la:rs:14:46.3,R.S. 14:46.3,2700
urn:us-la:rs:14:83,rs,14:83,rs,14:46.3,urn:us-la:rs:14:46.3,R.S. 14:46.3,2733
urn:us-la:rs:14:83.3,rs,14:83.3,rs,14:46.3,urn:us-la:rs:14:46.3,R.S. 14:46.3,928
urn:us-la:rs:14:83.3,rs,14:83.3,rs,14:46.2,urn:us-la:rs:14:46.2,R.S. 14:46.2,1347
urn:us-la:rs:14:83.4,rs,14:83.4,rs,14:46.3,urn:us-la:rs:14:46.3,R.S. 14:46.3,804
urn:us-la:rs:14:83.4,rs,14:83.4,rs,14:46.2,urn:us-la:rs:14:46.2,R.S. 14:46.2,1223
urn:us-la:rs:14:87.1,rs,14:87.1,rs,40:1061.21,urn:us-la:rs:40:1061.21,R.S. 40:1061.21,2483
urn:us-la:rs:14:87.1,rs,14:87.1,rs,14:2,urn:us-la:rs:14:2,R.S. 14:2,10385
urn:us-la:rs:14:87.1,rs,14:87.1,rs,14:2,urn:us-la:rs:14:2,R.S. 14:2,11030
urn:us-la:rs:14:87.6,rs,14:87.6,rs,14:33,urn:us-la:rs:14:33,R.S. 14:33,426
urn:us-la:rs:14:87.6,rs,14:87.6,rs,14:36,urn:us-la:rs:14:36,R.S. 14:36,465
urn:us-la:rs:14:87.6,rs,14:87.6,rs,14:45,urn:us-la:rs:14:45,R.S. 14:45,514
urn:us-la:rs:14:87.6,rs,14:87.6,rs,14:46,urn:us-la:rs:14:46,R.S. 14:46,564
urn:us-la:rs:14:87.6,rs,14:87.6,rs,14:66,urn:us-la:rs:14:66,R.S. 14:66,605
urn:us-la:rs:14:87.7,rs,14:87.7,rs,14:87.1,urn:us-la:rs:14:87.1,R.S. 14:87.1,220
urn:us-la:rs:14:87.10,rs,14:87.10,rs,40:1061.1,urn:us-la:rs:40:1061.1,R.S. 40:1061.1,966
urn:us-la:rs:14:89,rs,14:89,rs,14:41,urn:us-la:rs:14:41,R.S. 14:41,313
urn:us-la:rs:14:89,rs,14:89,rs,14:46.3,urn:us-la:rs:14:46.3,R.S. 14:46.3,2747
urn:us-la:rs:14:89,rs,14:89,rs,14:46.2,urn:us-la:rs:14:46.2,R.S. 14:46.2,3186
urn:us-la:rs:14:89,rs,14:89,rs,14:78,urn:us-la:rs:14:78,R.S. 14:78,3597
urn:us-la:rs:14:89,rs,14:89,rs,14:78.1,urn:us-la:rs:14:78.1,R.S. 14:78.1,3632
urn:us-la:rs:14:89,rs,14:89,rs,14:89,urn:us-la:rs:14:89,R.S. 14:89,3759
urn:us-la:rs:14:89,rs,14:89,rs,14:89.1,urn:us-la:rs:14:89.1,R.S. 14:89.1,3808
urn:us-la:rs:14:89,rs,14:89,rs,14:89,urn:us-la:rs:14:89,R.S. 14:89,3996
urn:us-la:rs:14:89,rs,14:89,rs,14:78,urn:us-la:rs:14:78,R.S. 14:78,4072
urn:us-la:rs:14:89,rs,14:89,rs,14:89.1,urn:us-la:rs:14:89.1,R.S. 14:89.1,4120
urn:us-la:rs:14:89,rs,14:89,rs,14:78.1,urn:us-la:rs:14:78.1,R.S. 14:78.1,4209
urn:us-la:rs:14:89,rs,14:89,rs,14:78,urn:us-la:rs:14:78,R.S. 14:78,4326
urn:us-la:rs:14:89,rs,14:89,rs,14:78.1,urn:us-la:rs:14:78.1,R.S. 14:78.1,4360
urn:us-la:rs:14:89,rs,14:89,rs,14:89,urn:us-la:rs:14:89,R.S. 14:89,4927
urn:us-la:rs:14:89.1,rs,14:89.1,rs,14:89,urn:us-la:rs:14:89,R.S. 14:89,89
urn:us-la:rs:14:89.1,rs,14:89.1,rs,14:78,urn:us-la:rs:14:78,R.S. 14:78,6148
urn:us-la:rs:14:89.1,rs,14:89.1,rs,14:78.1,urn:us-la:rs:14:78.1,R.S. 14:78.1,6183
urn:us-la:rs:14:89.1,rs,14:89.1,rs,14:89,urn:us-la:rs:14:89,R.S. 14:89,6310
urn:us-la:rs:14:89.1,rs,14:89.1,rs,14:89.1,urn:us-la:rs:14:89.1,R.S. 14:89.1,6359
urn:us-la:rs:14:89.1,rs,14:89.1,rs,14:89,urn:us-la:rs:14:89,R.S. 14:89,6582
urn:us-la:rs:14:89.1,rs,14:89.1,rs,14:78,urn:us-la:rs:14:78,R.S. 14:78,6658
urn:us-la:rs:14:89.1,rs,14:89.1,rs,14:89.1,urn:us-la:rs:14:89.1,R.S. 14:89.1,6706
urn:us-la:rs:14:89.1,rs,14:89.1,rs,14:78.1,urn:us-la:rs:14:78.1,R.S. 14:78.1,6795
urn:us-la:rs:14:89.1,rs,14:89.1,rs,14:78,urn:us-la:rs:14:78,R.S. 14:78,6912
urn:us-la:rs:14:89.1,rs,14:89.1,rs,14:78.1,urn:us-la:rs:14:78.1,R.S. 14:78.1,6946
urn:us-la:rs:14:89.2,rs,14:89.2,rs,15:541,urn:us-la:rs:15:541,R.S. 15:541,1515
urn:us-la:rs:14:89.2,rs,14:89.2,rs,14:46.3,urn:us-la:rs:14:46.3,R.S. 14:46.3,1920
urn:us-la:rs:14:89.2,rs,14:89.2,rs,14:46.2,urn:us-la:rs:14:46.2,R.S. 14:46.2,2844
urn:us-la:rs:14:89.3,rs,14:89.3,rs,15:828,urn:us-la:rs:15:828,R.S. 15:828,3774
urn:us-la:rs:14:89.3,rs,14:89.3,rs,14:102.2,urn:us-la:rs:14:102.2,R.S. 14:102.2,4367
urn:us-la:rs:14:90,rs,14:90,rs,14:90,urn:us-la:rs:14:90,R.S. 14:90,641
urn:us-la:rs:14:90,rs,14:90,rs,27:305,urn:us-la:rs:27:305,R.S. 27:305,2708
urn:us-la:rs:14:90,rs,14:90,rs,27:302,urn:us-la:rs:27:302,R.S. 27:302,2779
urn:us-la:rs:14:90.1,rs,14:90.1,rs,14:90,urn:us-la:rs:14:90,R.S. 14:90,983
urn:us-la:rs:14:90.1,rs,14:90.1,rs,14:90,urn:us-la:rs:14:90,R.S. 14:90,8526
urn:us-la:rs:14:90.1,rs,14:90.1,rs,14:90,urn:us-la:rs:14:90,R.S. 14:90,8638
urn:us-la:rs:14:90.3,rs,14:90.3,rs,27:305,urn:us-la:rs:27:305,R.S. 27:305,8229
urn:us-la:rs:14:90.3,rs,14:90.3,rs,27:302,urn:us-la:rs:27:302,R.S. 27:302,8300
urn:us-la:rs:14:90.4,rs,14:90.4,rs,27:402,urn:us-la:rs:27:402,R.S. 27:402,187
urn:us-la:rs:14:90.5,rs,14:90.5,rs,27:44,urn:us-la:rs:27:44,R.S. 27:44,778
urn:us-la:rs:14:90.5,rs,14:90.5,rs,27:602,urn:us-la:rs:27:602,R.S. 27:602,1356
urn:us-la:rs:14:90.5,rs,14:90.5,rs,47:9002,urn:us-la:rs:47:9002,R.S. 47:9002,1633
urn:us-la:rs:14:90.8,rs,14:90.8,rs,27:608,urn:us-la:rs:27:608,R.S. 27:608,474
urn:us-la:rs:14:90.8,rs,14:90.8,rs,27:27.1,urn:us-la:rs:27:27.1,R.S. 27:27.1,634
urn:us-la:rs:14:91.1,rs,14:91.1,rs,17:407.33,urn:us-la:rs:17:407.33,R.S. 17:407.33,690
urn:us-la:rs:14:91.1,rs,14:91.1,rs,17:407.61,urn:us-la:rs:17:407.61,R.S. 17:407.61,845
urn:us-la:rs:14:91.1,rs,14:91.1,rs,46:1403,urn:us-la:rs:46:1403,R.S. 46:1403,904
urn:us-la:rs:14:91.2,rs,14:91.2,rs,15:541,urn:us-la:rs:15:541,R.S. 15:541,90
urn:us-la:rs:14:91.2,rs,14:91.2,rs,17:407.33,urn:us-la:rs:17:407.33,R.S. 17:407.33,872
urn:us-la:rs:14:91.2,rs,14:91.2,rs,17:407.61,urn:us-la:rs:17:407.61,R.S. 17:407.61,1027
urn:us-la:rs:14:91.2,rs,14:91.2,rs,46:1403,urn:us-la:rs:46:1403,R.S. 46:1403,1086
urn:us-la:rs:14:91.2,rs,14:91.2,rs,17:407.33,urn:us-la:rs:17:407.33,R.S. 17:407.33,1288
urn:us-la:rs:14:91.2,rs,14:91.2,rs,17:407.61,urn:us-la:rs:17:407.61,R.S. 17:407.61,1443
urn:us-la:rs:14:91.2,rs,14:91.2,rs,46:1403,urn:us-la:rs:46:1403,R.S. 46:1403,1502
urn:us-la:rs:14:91.2,rs,14:91.2,rs,15:541,urn:us-la:rs:15:541,R.S. 15:541,2495
urn:us-la:rs:14:91.2,rs,14:91.2,rs,14:81.1,urn:us-la:rs:14:81.1,R.S. 14:81.1,2603
urn:us-la:rs:14:91.2,rs,14:91.2,rs,17:407.33,urn:us-la:rs:17:407.33,R.S. 17:407.33,2892
urn:us-la:rs:14:91.2,rs,14:91.2,rs,17:407.61,urn:us-la:rs:17:407.61,R.S. 17:407.61,3047
urn:us-la:rs:14:91.2,rs,14:91.2,rs,46:1403,urn:us-la:rs:46:1403,R.S. 46:1403,3106
urn:us-la:rs:14:91.2,rs,14:91.2,rs,17:407.33,urn:us-la:rs:17:407.33,R.S. 17:407.33,3249
urn:us-la:rs:14:91.2,rs,14:91.2,rs,17:407.61,urn:us-la:rs:17:407.61,R.S. 17:407.61,3404
urn:us-la:rs:14:91.2,rs,14:91.2,rs,46:1403,urn:us-la:rs:46:1403,R.S. 46:1403,3463
urn:us-la:rs:14:91.3,rs,14:91.3,rs,15:587.1,urn:us-la:rs:15:587.1,R.S. 15:587.1,107
urn:us-la:rs:14:91.3,rs,14:91.3,rs,17:407.33,urn:us-la:rs:17:407.33,R.S. 17:407.33,359
urn:us-la:rs:14:91.3,rs,14:91.3,rs,46:1403,urn:us-la:rs:46:1403,R.S. 46:1403,406
urn:us-la:rs:14:91.3,rs,14:91.3,rs,17:407.61,urn:us-la:rs:17:407.61,R.S. 17:407.61,557
urn:us-la:rs:14:91.4,rs,14:91.4,rs,15:541,urn:us-la:rs:15:541,R.S. 15:541,86
urn:us-la:rs:14:91.4,rs,14:91.4,rs,17:407.33,urn:us-la:rs:17:407.33,R.S. 17:407.33,188
urn:us-la:rs:14:91.4,rs,14:91.4,rs,46:1403,urn:us-la:rs:46:1403,R.S. 46:1403,235
urn:us-la:rs:14:91.4,rs,14:91.4,rs,17:407.61,urn:us-la:rs:17:407.61,R.S. 17:407.61,386
urn:us-la:rs:14:91.4,rs,14:91.4,rs,15:541,urn:us-la:rs:15:541,R.S. 15:541,496
urn:us-la:rs:14:91.4,rs,14:91.4,rs,17:407.33,urn:us-la:rs:17:407.33,R.S. 17:407.33,567
urn:us-la:rs:14:91.4,rs,14:91.4,rs,46:1403,urn:us-la:rs:46:1403,R.S. 46:1403,614
urn:us-la:rs:14:91.4,rs,14:91.4,rs,17:407.61,urn:us-la:rs:17:407.61,R.S. 17:407.61,765
urn:us-la:rs:14:91.5,rs,14:91.5,rs,14:81,urn:us-la:rs:14:81,R.S. 14:81,218
urn:us-la:rs:14:91.5,rs,14:91.5,rs,14:81.1,urn:us-la:rs:14:81.1,R.S. 14:81.1,265
urn:us-la:rs:14:91.5,rs,14:91.5,rs,14:81.3,urn:us-la:rs:14:81.3,R.S. 14:81.3,310
urn:us-la:rs:14:91.5,rs,14:91.5,rs,14:283,urn:us-la:rs:14:283,R.S. 14:283,368
urn:us-la:rs:14:91.5,rs,14:91.5,rs,15:541,urn:us-la:rs:15:541,R.S. 15:541,446
urn:us-la:rs:14:91.9,rs,14:91.9,rs,15:541,urn:us-la:rs:15:541,R.S. 15:541,80
urn:us-la:rs:14:91.9,rs,14:91.9,rs,46:1846,urn:us-la:rs:46:1846,R.S. 46:1846,664
urn:us-la:rs:14:91.9,rs,14:91.9,rs,15:541,urn:us-la:rs:15:541,R.S. 15:541,1733
urn:us-la:rs:14:91.9,rs,14:91.9,rs,15:541,urn:us-la:rs:15:541,R.S. 15:541,2254
urn:us-la:rs:14:91.15,rs,14:91.15,rs,17:407.31,urn:us-la:rs:17:407.31,R.S. 17:407.31,371
urn:us-la:rs:14:91.15,rs,14:91.15,rs,17:407.31,urn:us-la:rs:17:407.31,R.S. 17:407.31,708
urn:us-la:rs:14:91.15,rs,14:91.15,rs,17:407.31,urn:us-la:rs:17:407.31,R.S. 17:407.31,2524
urn:us-la:rs:14:92,rs,14:92,rs,14:2,urn:us-la:rs:14:2,R.S. 14:2,1311
urn:us-la:rs:14:92.2,rs,14:92.2,rs,15:1404,urn:us-la:rs:15:1404,R.S. 15:1404,367
urn:us-la:rs:14:92.2,rs,14:92.2,rs,17:233,urn:us-la:rs:17:233,R.S. 17:233,979
urn:us-la:rs:14:92.2,rs,14:92.2,rs,32:416,urn:us-la:rs:32:416,R.S. 32:416,1635
urn:us-la:rs:14:93,rs,14:93,rs,40:983,urn:us-la:rs:40:983,R.S. 40:983,496
urn:us-la:rs:14:93,rs,14:93,rs,40:1299.36.1,urn:us-la:rs:40:1299.36.1,R.S. 40:1299.36.1,1516
urn:us-la:rs:14:93.3,rs,14:93.3,rs,14:93.4,urn:us-la:rs:14:93.4,R.S. 14:93.4,1263
urn:us-la:rs:14:93.4,rs,14:93.4,rs,6:1372,urn:us-la:rs:6:1372,R.S. 6:1372,743
urn:us-la:rs:14:93.4,rs,14:93.4,crp,883.2,,Code of Criminal Procedure Article 883.2,2414
urn:us-la:rs:14:93.10,rs,14:93.10,rs,14:93.10,urn:us-la:rs:14:93.10,R.S. 14:93.10,16
urn:us-la:rs:14:93.13,rs,14:93.13,rs,14:93.10,urn:us-la:rs:14:93.10,R.S. 14:93.10,98
urn:us-la:rs:14:93.14,rs,14:93.14,rs,14:93.10,urn:us-la:rs:14:93.10,R.S. 14:93.10,11
urn:us-la:rs:14:93.16,rs,14:93.16,rs,3:1481,urn:us-la:rs:3:1481,R.S. 3:1481,128
urn:us-la:rs:14:93.17,rs,14:93.17,rs,3:1481,urn:us-la:rs:3:1481,R.S. 3:1481,128
urn:us-la:rs:14:94,rs,14:94,rs,40:1751,urn:us-la:rs:40:1751,R.S. 40:1751,2252
urn:us-la:rs:14:94,rs,14:94,rs,40:1781,urn:us-la:rs:40:1781,R.S. 40:1781,2269
urn:us-la:rs:14:95,rs,14:95,rs,40:1379.1.1,urn:us-la:rs:40:1379.1.1,R.S. 40:1379.1.1,342
urn:us-la:rs:14:95,rs,14:95,rs,40:1379.1.1,urn:us-la:rs:40:1379.1.1,R.S. 40:1379.1.1,468
urn:us-la:rs:14:95,rs,14:95,rs,14:30,urn:us-la:rs:14:30,R.S. 14:30,1724
urn:us-la:rs:14:95,rs,14:95,rs,40:2402,urn:us-la:rs:40:2402,R.S. 40:2402,2528
urn:us-la:rs:14:95,rs,14:95,rs,14:2,urn:us-la:rs:14:2,R.S. 14:2,2891
urn:us-la:rs:14:95,rs,14:95,rs,14:2,urn:us-la:rs:14:2,R.S. 14:2,3210
urn:us-la:rs:14:95,rs,14:95,rs,40:1796,urn:us-la:rs:40:1796,R.S. 40:1796,5439
urn:us-la:rs:14:95,rs,14:95,rs,40:1379.3,urn:us-la:rs:40:1379.3,R.S. 40:1379.3,6900
urn:us-la:rs:14:95,rs,14:95,rs,17:1805,urn:us-la:rs:17:1805,R.S. 17:1805,10173
urn:us-la:rs:14:95,rs,14:95,rs,14:95.1,urn:us-la:rs:14:95.1,R.S. 14:95.1,14268
urn:us-la:rs:14:95,rs,14:95,rs,14:95.1,urn:us-la:rs:14:95.1,R.S. 14:95.1,15059
urn:us-la:rs:14:95,rs,14:95,rs,40:1379.3,urn:us-la:rs:40:1379.3,R.S. 40:1379.3,15260
urn:us-la:rs:14:95.1,rs,14:95.1,rs,14:2,urn:us-la:rs:14:2,R.S. 14:2,153
urn:us-la:rs:14:95.1,rs,14:95.1,rs,15:541,urn:us-la:rs:15:541,R.S. 15:541,711
urn:us-la:rs:14:95.1,rs,14:95.1,rs,14:2,urn:us-la:rs:14:2,R.S. 14:2,3370
urn:us-la:rs:14:95.1,rs,14:95.1,crp,901,,Code of Criminal Procedure Article 901,2678
urn:us-la:rs:14:95.1.1,rs,14:95.1.1,rs,14:95.1,urn:us-la:rs:14:95.1,R.S. 14:95.1,293
urn:us-la:rs:14:95.1.2,rs,14:95.1.2,rs,14:95.1,urn:us-la:rs:14:95.1,R.S. 14:95.1,295
urn:us-la:rs:14:95.2,rs,14:95.2,rs,14:2,urn:us-la:rs:14:2,R.S. 14:2,57
urn:us-la:rs:14:95.2,rs,14:95.2,rs,17:3361.1,urn:us-la:rs:17:3361.1,R.S. 17:3361.1,1684
urn:us-la:rs:14:95.2,rs,14:95.2,rs,40:1379.1,urn:us-la:rs:40:1379.1,R.S. 40:1379.1,2553
urn:us-la:rs:14:95.2,rs,14:95.2,rs,14:95,urn:us-la:rs:14:95,R.S. 14:95,2671
urn:us-la:rs:14:95.2,rs,14:95.2,rs,14:2,urn:us-la:rs:14:2,R.S. 14:2,2861
urn:us-la:rs:14:95.2,rs,14:95.2,rs,14:2,urn:us-la:rs:14:2,R.S. 14:2,3131
urn:us-la:rs:14:95.2,rs,14:95.2,rs,14:2,urn:us-la:rs:14:2,R.S. 14:2,3290
urn:us-la:rs:14:95.2,rs,14:95.2,rs,14:2,urn:us-la:rs:14:2,R.S. 14:2,3655
urn:us-la:rs:14:95.2,rs,14:95.2,rs,17:1805,urn:us-la:rs:17:1805,R.S. 17:1805,5571
urn:us-la:rs:14:95.2,rs,14:95.2,crp,894,,Code of Criminal Procedure Article 894,6202
urn:us-la:rs:14:95.2.1,rs,14:95.2.1,rs,14:95,urn:us-la:rs:14:95,R.S. 14:95,75
urn:us-la:rs:14:95.2.1,rs,14:95.2.1,rs,14:2,urn:us-la:rs:14:2,R.S. 14:2,163
urn:us-la:rs:14:95.2.1,rs,14:95.2.1,rs,14:2,urn:us-la:rs:14:2,R.S. 14:2,793
urn:us-la:rs:14:95.2.2,rs,14:95.2.2,rs,40:1379.1,urn:us-la:rs:40:1379.1,R.S. 40:1379.1,1566
urn:us-la:rs:14:95.3,rs,14:95.3,rs,14:2,urn:us-la:rs:14:2,R.S. 14:2,145
urn:us-la:rs:14:95.5,rs,14:95.5,rs,14:95,urn:us-la:rs:14:95,R.S. 14:95,668
urn:us-la:rs:14:95.5,rs,14:95.5,rs,40:1379.1,urn:us-la:rs:40:1379.1,R.S. 40:1379.1,840
urn:us-la:rs:14:95.5,rs,14:95.5,rs,14:95,urn:us-la:rs:14:95,R.S. 14:95,880
urn:us-la:rs:14:95.6,rs,14:95.6,rs,14:95.2,urn:us-la:rs:14:95.2,R.S. 14:95.2,267
urn:us-la:rs:14:95.8,rs,14:95.8,rs,14:2,urn:us-la:rs:14:2,R.S. 14:2,916
urn:us-la:rs:14:95.8,rs,14:95.8,rs,14:37.2,urn:us-la:rs:14:37.2,R.S. 14:37.2,2351
urn:us-la:rs:14:95.9,rs,14:95.9,rs,40:1379.1,urn:us-la:rs:40:1379.1,R.S. 40:1379.1,1929
urn:us-la:rs:14:95.9,rs,14:95.9,crp,894,,Code of Criminal Procedure Article 894,4568
urn:us-la:rs:14:95.10,rs,14:95.10,rs,14:35.3,urn:us-la:rs:14:35.3,R.S. 14:35.3,168
urn:us-la:rs:14:95.10,rs,14:95.10,rs,14:34.9,urn:us-la:rs:14:34.9,R.S. 14:34.9,251
urn:us-la:rs:14:95.10,rs,14:95.10,rs,14:34.9,urn:us-la:rs:14:34.9,R.S. 14:34.9,340
urn:us-la:rs:14:95.10,rs,14:95.10,rs,14:34.9,urn:us-la:rs:14:34.9,R.S. 14:34.9,426
urn:us-la:rs:14:95.10,rs,14:95.10,rs,14:34.9,urn:us-la:rs:14:34.9,R.S. 14:34.9,1429
urn:us-la:rs:14:97.1,rs,14:97.1,rs,32:218,urn:us-la:rs:32:218,R.S. 32:218,602
urn:us-la:rs:14:98,rs,14:98,rs,14:98.1,urn:us-la:rs:14:98.1,R.S. 14:98.1,1447
urn:us-la:rs:14:98,rs,14:98,rs,14:98.3,urn:us-la:rs:14:98.3,R.S. 14:98.3,1625
urn:us-la:rs:14:98,rs,14:98,rs,14:98.4,urn:us-la:rs:14:98.4,R.S. 14:98.4,1827
urn:us-la:rs:14:98,rs,14:98,rs,14:32.1,urn:us-la:rs:14:32.1,R.S. 14:32.1,2106
urn:us-la:rs:14:98,rs,14:98,rs,14:32.8,urn:us-la:rs:14:32.8,R.S. 14:32.8,2145
urn:us-la:rs:14:98,rs,14:98,rs,14:39.1,urn:us-la:rs:14:39.1,R.S. 14:39.1,2187
urn:us-la:rs:14:98,rs,14:98,rs,14:39.2,urn:us-la:rs:14:39.2,R.S. 14:39.2,2236
urn:us-la:rs:14:98,rs,14:98,rs,13:1894.1,urn:us-la:rs:13:1894.1,R.S. 13:1894.1,2649
urn:us-la:rs:14:98,rs,14:98,rs,14:39.1,urn:us-la:rs:14:39.1,R.S. 14:39.1,2911
urn:us-la:rs:14:98,rs,14:98,rs,13:1894.1,urn:us-la:rs:13:1894.1,R.S. 13:1894.1,3302
urn:us-la:rs:14:98,rs,14:98,rs,14:98.1,urn:us-la:rs:14:98.1,R.S. 14:98.1,4164
urn:us-la:rs:14:98,rs,14:98,rs,14:98.2,urn:us-la:rs:14:98.2,R.S. 14:98.2,4532
urn:us-la:rs:14:98,rs,14:98,rs,14:32.1,urn:us-la:rs:14:32.1,R.S. 14:32.1,4712
urn:us-la:rs:14:98,rs,14:98,rs,14:32.8,urn:us-la:rs:14:32.8,R.S. 14:32.8,4764
urn:us-la:rs:14:98,rs,14:98,rs,14:39.2,urn:us-la:rs:14:39.2,R.S. 14:39.2,4839
urn:us-la:rs:14:98,rs,14:98,rs,14:98.2,urn:us-la:rs:14:98.2,R.S. 14:98.2,4909
urn:us-la:rs:14:98,rs,14:98,rs,14:98.3,urn:us-la:rs:14:98.3,R.S. 14:98.3,5212
urn:us-la:rs:14:98,rs,14:98,rs,14:98.4,urn:us-la:rs:14:98.4,R.S. 14:98.4,5548
urn:us-la:rs:14:98.1,rs,14:98.1,rs,14:98,urn:us-la:rs:14:98,R.S. 14:98,137
urn:us-la:rs:14:98.1,rs,14:98.1,rs,14:98.5,urn:us-la:rs:14:98.5,R.S. 14:98.5,1570
urn:us-la:rs:14:98.1,rs,14:98.1,rs,32:378.2,urn:us-la:rs:32:378.2,R.S. 32:378.2,1590
urn:us-la:rs:14:98.1,rs,14:98.1,rs,32:414,urn:us-la:rs:32:414,R.S. 32:414,2360
urn:us-la:rs:14:98.1,rs,14:98.1,rs,32:414,urn:us-la:rs:32:414,R.S. 32:414,3496
urn:us-la:rs:14:98.1,rs,14:98.1,rs,14:98.5,urn:us-la:rs:14:98.5,R.S. 14:98.5,4055
urn:us-la:rs:14:98.1,rs,14:98.1,rs,32:378.2,urn:us-la:rs:32:378.2,R.S. 32:378.2,4075
urn:us-la:rs:14:98.1,rs,14:98.1,rs,40:2845,urn:us-la:rs:40:2845,R.S. 40:2845,4834
urn:us-la:rs:14:98.1,rs,14:98.1,rs,14:98.5,urn:us-la:rs:14:98.5,R.S. 14:98.5,5001
urn:us-la:rs:14:98.1,rs,14:98.1,rs,14:98.5,urn:us-la:rs:14:98.5,R.S. 14:98.5,5166
urn:us-la:rs:14:98.1,rs,14:98.1,rs,32:378.2,urn:us-la:rs:32:378.2,R.S. 32:378.2,5485
urn:us-la:rs:14:98.1,rs,14:98.1,crp,894.2,,Code of Criminal Procedure Article 894.2,5121
urn:us-la:rs:14:98.2,rs,14:98.2,rs,14:98,urn:us-la:rs:14:98,R.S. 14:98,192
urn:us-la:rs:14:98.2,rs,14:98.2,rs,14:98.5,urn:us-la:rs:14:98.5,R.S. 14:98.5,2258
urn:us-la:rs:14:98.2,rs,14:98.2,rs,15:306,urn:us-la:rs:15:306,R.S. 15:306,2275
urn:us-la:rs:14:98.2,rs,14:98.2,rs,32:378.2,urn:us-la:rs:32:378.2,R.S. 32:378.2,2292
urn:us-la:rs:14:98.2,rs,14:98.2,rs,14:98,urn:us-la:rs:14:98,R.S. 14:98,3095
urn:us-la:rs:14:98.2,rs,14:98.2,rs,14:98,urn:us-la:rs:14:98,R.S. 14:98,3839
urn:us-la:rs:14:98.2,rs,14:98.2,rs,14:98.5,urn:us-la:rs:14:98.5,R.S. 14:98.5,4337
urn:us-la:rs:14:98.2,rs,14:98.2,rs,15:306,urn:us-la:rs:15:306,R.S. 15:306,4354
urn:us-la:rs:14:98.2,rs,14:98.2,rs,32:378.2,urn:us-la:rs:32:378.2,R.S. 32:378.2,4371
urn:us-la:rs:14:98.2,rs,14:98.2,rs,40:2845,urn:us-la:rs:40:2845,R.S. 40:2845,5678
urn:us-la:rs:14:98.2,rs,14:98.2,rs,14:98.5,urn:us-la:rs:14:98.5,R.S. 14:98.5,5845
urn:us-la:rs:14:98.2,rs,14:98.2,rs,14:98.5,urn:us-la:rs:14:98.5,R.S. 14:98.5,6010
urn:us-la:rs:14:98.2,rs,14:98.2,rs,32:378.2,urn:us-la:rs:32:378.2,R.S. 32:378.2,6329
urn:us-la:rs:14:98.2,rs,14:98.2,rs,14:98,urn:us-la:rs:14:98,R.S. 14:98,6457
urn:us-la:rs:14:98.2,rs,14:98.2,rs,14:32.1,urn:us-la:rs:14:32.1,R.S. 14:32.1,6640
urn:us-la:rs:14:98.2,rs,14:98.2,rs,14:32.8,urn:us-la:rs:14:32.8,R.S. 14:32.8,6692
urn:us-la:rs:14:98.2,rs,14:98.2,rs,14:39.2,urn:us-la:rs:14:39.2,R.S. 14:39.2,6767
urn:us-la:rs:14:98.2,rs,14:98.2,rs,14:98.5,urn:us-la:rs:14:98.5,R.S. 14:98.5,7086
urn:us-la:rs:14:98.2,rs,14:98.2,rs,14:98.5,urn:us-la:rs:14:98.5,R.S. 14:98.5,8042
urn:us-la:rs:14:98.2,rs,14:98.2,rs,14:98.5,urn:us-la:rs:14:98.5,R.S. 14:98.5,8774
urn:us-la:rs:14:98.2,rs,14:98.2,rs,15:306,urn:us-la:rs:15:306,R.S. 15:306,8791
urn:us-la:rs:14:98.2,rs,14:98.2,rs,32:378.2,urn:us-la:rs:32:378.2,R.S. 32:378.2,8808
urn:us-la:rs:14:98.2,rs,14:98.2,crp,894.2,,Code of Criminal Procedure Article 894.2,5965
urn:us-la:rs:14:98.3,rs,14:98.3,rs,14:98,urn:us-la:rs:14:98,R.S. 14:98,106
urn:us-la:rs:14:98.3,rs,14:98.3,rs,14:98.5,urn:us-la:rs:14:98.5,R.S. 14:98.5,566
urn:us-la:rs:14:98.3,rs,14:98.3,rs,13:5301,urn:us-la:rs:13:5301,R.S. 13:5301,927
urn:us-la:rs:14:98.3,rs,14:98.3,rs,14:98,urn:us-la:rs:14:98,R.S. 14:98,966
urn:us-la:rs:14:98.3,rs,14:98.3,rs,15:571.3,urn:us-la:rs:15:571.3,R.S. 15:571.3,1931
urn:us-la:rs:14:98.3,rs,14:98.3,rs,15:571.5,urn:us-la:rs:15:571.5,R.S. 15:571.5,2047
urn:us-la:rs:14:98.3,rs,14:98.3,rs,15:571.5,urn:us-la:rs:15:571.5,R.S. 15:571.5,2217
urn:us-la:rs:14:98.3,rs,14:98.3,rs,13:5301,urn:us-la:rs:13:5301,R.S. 13:5301,3277
urn:us-la:rs:14:98.3,rs,14:98.3,rs,14:98.5,urn:us-la:rs:14:98.5,R.S. 14:98.5,3828
urn:us-la:rs:14:98.3,rs,14:98.3,rs,32:414,urn:us-la:rs:32:414,R.S. 32:414,3960
urn:us-la:rs:14:98.3,rs,14:98.3,rs,14:98,urn:us-la:rs:14:98,R.S. 14:98,4030
urn:us-la:rs:14:98.3,rs,14:98.3,rs,15:306,urn:us-la:rs:15:306,R.S. 15:306,4199
urn:us-la:rs:14:98.3,rs,14:98.3,rs,13:5301,urn:us-la:rs:13:5301,R.S. 13:5301,4469
urn:us-la:rs:14:98.3,rs,14:98.3,rs,14:98,urn:us-la:rs:14:98,R.S. 14:98,4605
urn:us-la:rs:14:98.3,rs,14:98.3,rs,32:414,urn:us-la:rs:32:414,R.S. 32:414,4668
urn:us-la:rs:14:98.3,rs,14:98.3,rs,14:98.5,urn:us-la:rs:14:98.5,R.S. 14:98.5,5231
urn:us-la:rs:14:98.3,rs,14:98.3,rs,40:2845,urn:us-la:rs:40:2845,R.S. 40:2845,6240
urn:us-la:rs:14:98.3,rs,14:98.3,rs,14:98,urn:us-la:rs:14:98,R.S. 14:98,6423
urn:us-la:rs:14:98.3,rs,14:98.3,rs,13:5301,urn:us-la:rs:13:5301,R.S. 13:5301,6531
urn:us-la:rs:14:98.3,rs,14:98.3,rs,14:98,urn:us-la:rs:14:98,R.S. 14:98,6646
urn:us-la:rs:14:98.3,rs,14:98.3,rs,14:98,urn:us-la:rs:14:98,R.S. 14:98,6865
urn:us-la:rs:14:98.3,rs,14:98.3,rs,14:98,urn:us-la:rs:14:98,R.S. 14:98,6941
urn:us-la:rs:14:98.3,rs,14:98.3,rs,14:98.5,urn:us-la:rs:14:98.5,R.S. 14:98.5,7389
urn:us-la:rs:14:98.3,rs,14:98.3,rs,14:98,urn:us-la:rs:14:98,R.S. 14:98,8269
urn:us-la:rs:14:98.3,rs,14:98.3,crp,894.2,,Code of Criminal Procedure Article 894.2,3848
urn:us-la:rs:14:98.4,rs,14:98.4,rs,14:98,urn:us-la:rs:14:98,R.S. 14:98,191
urn:us-la:rs:14:98.4,rs,14:98.4,rs,14:98.5,urn:us-la:rs:14:98.5,R.S. 14:98.5,592
urn:us-la:rs:14:98.4,rs,14:98.4,rs,13:5301,urn:us-la:rs:13:5301,R.S. 13:5301,963
urn:us-la:rs:14:98.4,rs,14:98.4,rs,14:98,urn:us-la:rs:14:98,R.S. 14:98,1002
urn:us-la:rs:14:98.4,rs,14:98.4,rs,13:5301,urn:us-la:rs:13:5301,R.S. 13:5301,1328
urn:us-la:rs:14:98.4,rs,14:98.4,rs,14:98,urn:us-la:rs:14:98,R.S. 14:98,1431
urn:us-la:rs:14:98.4,rs,14:98.4,rs,15:571.3,urn:us-la:rs:15:571.3,R.S. 15:571.3,2378
urn:us-la:rs:14:98.4,rs,14:98.4,rs,15:571.5,urn:us-la:rs:15:571.5,R.S. 15:571.5,2494
urn:us-la:rs:14:98.4,rs,14:98.4,rs,15:571.5,urn:us-la:rs:15:571.5,R.S. 15:571.5,2664
urn:us-la:rs:14:98.4,rs,14:98.4,rs,13:5301,urn:us-la:rs:13:5301,R.S. 13:5301,3786
urn:us-la:rs:14:98.4,rs,14:98.4,rs,14:98.5,urn:us-la:rs:14:98.5,R.S. 14:98.5,4281
urn:us-la:rs:14:98.4,rs,14:98.4,rs,32:414,urn:us-la:rs:32:414,R.S. 32:414,4413
urn:us-la:rs:14:98.4,rs,14:98.4,rs,15:306,urn:us-la:rs:15:306,R.S. 15:306,4643
urn:us-la:rs:14:98.4,rs,14:98.4,rs,13:5301,urn:us-la:rs:13:5301,R.S. 13:5301,4916
urn:us-la:rs:14:98.4,rs,14:98.4,rs,32:414,urn:us-la:rs:32:414,R.S. 32:414,5052
urn:us-la:rs:14:98.4,rs,14:98.4,rs,14:98.5,urn:us-la:rs:14:98.5,R.S. 14:98.5,5615
urn:us-la:rs:14:98.4,rs,14:98.4,rs,40:2845,urn:us-la:rs:40:2845,R.S. 40:2845,6645
urn:us-la:rs:14:98.4,rs,14:98.4,rs,14:98,urn:us-la:rs:14:98,R.S. 14:98,6856
urn:us-la:rs:14:98.4,rs,14:98.4,rs,14:98.5,urn:us-la:rs:14:98.5,R.S. 14:98.5,7590
urn:us-la:rs:14:98.4,rs,14:98.4,rs,15:571.3,urn:us-la:rs:15:571.3,R.S. 15:571.3,8188
urn:us-la:rs:14:98.4,rs,14:98.4,rs,15:571.5,urn:us-la:rs:15:571.5,R.S. 15:571.5,8304
urn:us-la:rs:14:98.4,rs,14:98.4,rs,15:571.5,urn:us-la:rs:15:571.5,R.S. 15:571.5,8468
urn:us-la:rs:14:98.4,rs,14:98.4,rs,14:98,urn:us-la:rs:14:98,R.S. 14:98,9228
urn:us-la:rs:14:98.4,rs,14:98.4,rs,14:98,urn:us-la:rs:14:98,R.S. 14:98,10109
urn:us-la:rs:14:98.4,rs,14:98.4,crp,894.2,,Code of Criminal Procedure Article 894.2,4301
urn:us-la:rs:14:98.5,rs,14:98.5,rs,14:98,urn:us-la:rs:14:98,R.S. 14:98,168
urn:us-la:rs:14:98.5,rs,14:98.5,rs,14:98,urn:us-la:rs:14:98,R.S. 14:98,483
urn:us-la:rs:14:98.5,rs,14:98.5,rs,14:98.3,urn:us-la:rs:14:98.3,R.S. 14:98.3,1117
urn:us-la:rs:14:98.5,rs,14:98.5,rs,14:98.4,urn:us-la:rs:14:98.4,R.S. 14:98.4,1139
urn:us-la:rs:14:98.5,rs,14:98.5,rs,14:98,urn:us-la:rs:14:98,R.S. 14:98,1191
urn:us-la:rs:14:98.5,rs,14:98.5,rs,14:98,urn:us-la:rs:14:98,R.S. 14:98,1706
urn:us-la:rs:14:98.5,rs,14:98.5,rs,14:98,urn:us-la:rs:14:98,R.S. 14:98,1745
urn:us-la:rs:14:98.5,rs,14:98.5,rs,14:98.2,urn:us-la:rs:14:98.2,R.S. 14:98.2,3826
urn:us-la:rs:14:98.5,rs,14:98.5,rs,15:306,urn:us-la:rs:15:306,R.S. 15:306,4276
urn:us-la:rs:14:98.5,rs,14:98.5,rs,32:378.2,urn:us-la:rs:32:378.2,R.S. 32:378.2,4300
urn:us-la:rs:14:98.5,rs,14:98.5,rs,32:378.2,urn:us-la:rs:32:378.2,R.S. 32:378.2,5348
urn:us-la:rs:14:98.5,rs,14:98.5,rs,14:98.1,urn:us-la:rs:14:98.1,R.S. 14:98.1,5432
urn:us-la:rs:14:98.5,rs,14:98.5,crp,894.2,,Code of Criminal Procedure Article 894.2,3294
urn:us-la:rs:14:98.5.1,rs,14:98.5.1,rs,14:98,urn:us-la:rs:14:98,R.S. 14:98,74
urn:us-la:rs:14:98.5.1,rs,14:98.5.1,rs,14:98,urn:us-la:rs:14:98,R.S. 14:98,170
urn:us-la:rs:14:98.6,rs,14:98.6,rs,14:98,urn:us-la:rs:14:98,R.S. 14:98,447
urn:us-la:rs:14:98.6,rs,14:98.6,rs,14:98.5,urn:us-la:rs:14:98.5,R.S. 14:98.5,2351
urn:us-la:rs:14:98.6,rs,14:98.6,rs,14:98.5,urn:us-la:rs:14:98.5,R.S. 14:98.5,2606
urn:us-la:rs:14:98.6,rs,14:98.6,crp,894.2,,Code of Criminal Procedure Article 894.2,2306
urn:us-la:rs:14:98.7,rs,14:98.7,rs,14:98,urn:us-la:rs:14:98,R.S. 14:98,45
urn:us-la:rs:14:98.7,rs,14:98.7,rs,14:98.5,urn:us-la:rs:14:98.5,R.S. 14:98.5,1504
urn:us-la:rs:14:98.8,rs,14:98.8,rs,32:414,urn:us-la:rs:32:414,R.S. 32:414,148
urn:us-la:rs:14:98.8,rs,14:98.8,rs,32:667,urn:us-la:rs:32:667,R.S. 32:667,196
urn:us-la:rs:14:99,rs,14:99,rs,40:2845,urn:us-la:rs:40:2845,R.S. 40:2845,1287
urn:us-la:rs:14:99.2,rs,14:99.2,rs,14:96,urn:us-la:rs:14:96,R.S. 14:96,3172
urn:us-la:rs:14:99.2,rs,14:99.2,rs,14:97,urn:us-la:rs:14:97,R.S. 14:97,3239
urn:us-la:rs:14:99.2,rs,14:99.2,rs,14:99,urn:us-la:rs:14:99,R.S. 14:99,3303
urn:us-la:rs:14:99.2,rs,14:99.2,rs,14:108,urn:us-la:rs:14:108,R.S. 14:108,3341
urn:us-la:rs:14:99.2,rs,14:99.2,rs,40:2845,urn:us-la:rs:40:2845,R.S. 40:2845,4963
urn:us-la:rs:14:100,rs,14:100,rs,14:98,urn:us-la:rs:14:98,R.S. 14:98,2605
urn:us-la:rs:14:100,rs,14:100,rs,14:32.1,urn:us-la:rs:14:32.1,R.S. 14:32.1,2953
urn:us-la:rs:14:100,rs,14:100,rs,14:39.1,urn:us-la:rs:14:39.1,R.S. 14:39.1,3008
urn:us-la:rs:14:100,rs,14:100,rs,14:39.2,urn:us-la:rs:14:39.2,R.S. 14:39.2,3072
urn:us-la:rs:14:100.12,rs,14:100.12,rs,32:409.1,urn:us-la:rs:32:409.1,R.S. 32:409.1,1015
urn:us-la:rs:14:100.14,rs,14:100.14,rs,32:409.1,urn:us-la:rs:32:409.1,R.S. 32:409.1,83
urn:us-la:rs:14:102,rs,14:102,rs,14:102.1,urn:us-la:rs:14:102.1,R.S. 14:102.1,51
urn:us-la:rs:14:102,rs,14:102,rs,14:102.4,urn:us-la:rs:14:102.4,R.S. 14:102.4,73
urn:us-la:rs:14:102.1,rs,14:102.1,rs,3:3602,urn:us-la:rs:3:3602,R.S. 3:3602,5335
urn:us-la:rs:14:102.1,rs,14:102.1,crp,883.2,,Code of Criminal Procedure Article 883.2,1697
urn:us-la:rs:14:102.2,rs,14:102.2,rs,15:436.2,urn:us-la:rs:15:436.2,R.S. 15:436.2,662
urn:us-la:rs:14:102.3,rs,14:102.3,rs,14:102.1,urn:us-la:rs:14:102.1,R.S. 14:102.1,224
urn:us-la:rs:14:102.3,rs,14:102.3,rs,14:102.1,urn:us-la:rs:14:102.1,R.S. 14:102.1,570
urn:us-la:rs:14:102.6,rs,14:102.6,rs,14:102.5,urn:us-la:rs:14:102.5,R.S. 14:102.5,57
urn:us-la:rs:14:102.6,rs,14:102.6,rs,14:102.5,urn:us-la:rs:14:102.5,R.S. 14:102.5,516
urn:us-la:rs:14:102.6,rs,14:102.6,rs,14:102.1,urn:us-la:rs:14:102.1,R.S. 14:102.1,722
urn:us-la:rs:14:102.6,rs,14:102.6,rs,14:102.2,urn:us-la:rs:14:102.2,R.S. 14:102.2,1058
urn:us-la:rs:14:102.6,rs,14:102.6,rs,14:102.2,urn:us-la:rs:14:102.2,R.S. 14:102.2,1867
urn:us-la:rs:14:102.6,rs,14:102.6,rs,14:102.2,urn:us-la:rs:14:102.2,R.S. 14:102.2,2636
urn:us-la:rs:14:102.6,rs,14:102.6,rs,14:102.2,urn:us-la:rs:14:102.2,R.S. 14:102.2,2895
urn:us-la:rs:14:102.6,rs,14:102.6,rs,14:102.2,urn:us-la:rs:14:102.2,R.S. 14:102.2,3128
urn:us-la:rs:14:102.6,rs,14:102.6,rs,14:102.2,urn:us-la:rs:14:102.2,R.S. 14:102.2,3403
urn:us-la:rs:14:102.7,rs,14:102.7,rs,14:102.5,urn:us-la:rs:14:102.5,R.S. 14:102.5,157
urn:us-la:rs:14:102.7,rs,14:102.7,rs,14:102.5,urn:us-la:rs:14:102.5,R.S. 14:102.5,563
urn:us-la:rs:14:102.12,rs,14:102.12,rs,14:102.13,urn:us-la:rs:14:102.13,R.S. 14:102.13,28
urn:us-la:rs:14:102.13,rs,14:102.13,rs,14:102.14,urn:us-la:rs:14:102.14,R.S. 14:102.14,380
urn:us-la:rs:14:102.13,rs,14:102.13,rs,14:102.15,urn:us-la:rs:14:102.15,R.S. 14:102.15,423
urn:us-la:rs:14:102.16,rs,14:102.16,rs,14:102.14,urn:us-la:rs:14:102.14,R.S. 14:102.14,57
urn:us-la:rs:14:102.16,rs,14:102.16,rs,14:102.15,urn:us-la:rs:14:102.15,R.S. 14:102.15,75
urn:us-la:rs:14:102.16,rs,14:102.16,rs,14:102.13,urn:us-la:rs:14:102.13,R.S. 14:102.13,527
urn:us-la:rs:14:102.18,rs,14:102.18,rs,14:102.13,urn:us-la:rs:14:102.13,R.S. 14:102.13,888
urn:us-la:rs:14:102.19,rs,14:102.19,rs,49:170.10,urn:us-la:rs:49:170.10,R.S. 49:170.10,1711
urn:us-la:rs:14:102.22,rs,14:102.22,rs,40:1231.1,urn:us-la:rs:40:1231.1,R.S. 40:1231.1,961
urn:us-la:rs:14:102.28,rs,14:102.28,rs,49:170.10,urn:us-la:rs:49:170.10,R.S. 49:170.10,1031
urn:us-la:rs:14:102.29,rs,14:102.29,rs,14:102.1,urn:us-la:rs:14:102.1,R.S. 14:102.1,207
urn:us-la:rs:14:107.2,rs,14:107.2,rs,40:1075.3,urn:us-la:rs:40:1075.3,R.S. 40:1075.3,2752
urn:us-la:rs:14:107.3,rs,14:107.3,rs,13:2575,urn:us-la:rs:13:2575,R.S. 13:2575,307
urn:us-la:rs:14:107.3,rs,14:107.3,rs,13:2575,urn:us-la:rs:13:2575,R.S. 13:2575,1979
urn:us-la:rs:14:107.4,rs,14:107.4,crp,718.1,,Code of Criminal Procedure Article 718.1,2420
urn:us-la:rs:14:108,rs,14:108,rs,14:337,urn:us-la:rs:14:337,R.S. 14:337,2033
urn:us-la:rs:14:108,rs,14:108,rs,40:2402,urn:us-la:rs:40:2402,R.S. 40:2402,2657
urn:us-la:rs:14:108.1,rs,14:108.1,rs,34:851.4,urn:us-la:rs:34:851.4,R.S. 34:851.4,1676
urn:us-la:rs:14:108.1,rs,14:108.1,rs,14:99,urn:us-la:rs:14:99,R.S. 14:99,1730
urn:us-la:rs:14:109,rs,14:109,rs,14:112.4,urn:us-la:rs:14:112.4,R.S. 14:112.4,342
urn:us-la:rs:14:109,rs,14:109,rs,40:2402,urn:us-la:rs:40:2402,R.S. 40:2402,363
urn:us-la:rs:14:110,rs,14:110,rs,15:833,urn:us-la:rs:15:833,R.S. 15:833,735
urn:us-la:rs:14:110,rs,14:110,rs,15:908,urn:us-la:rs:15:908,R.S. 15:908,750
urn:us-la:rs:14:110.1.2,rs,14:110.1.2,crp,329,,Code of Criminal Procedure Article 329,276
urn:us-la:rs:14:110.2,rs,14:110.2,rs,46:2143,urn:us-la:rs:46:2143,R.S. 46:2143,203
urn:us-la:rs:14:110.2,rs,14:110.2,rs,14:2,urn:us-la:rs:14:2,R.S. 14:2,805
urn:us-la:rs:14:112.1,rs,14:112.1,rs,40:2405,urn:us-la:rs:40:2405,R.S. 40:2405,747
urn:us-la:rs:14:112.1,rs,14:112.1,rs,40:1231,urn:us-la:rs:40:1231,R.S. 40:1231,1349
urn:us-la:rs:14:112.1,rs,14:112.1,rs,40:1231,urn:us-la:rs:40:1231,R.S. 40:1231,1416
urn:us-la:rs:14:112.2,rs,14:112.2,rs,40:2405,urn:us-la:rs:40:2405,R.S. 40:2405,898
urn:us-la:rs:14:112.2,rs,14:112.2,rs,48:2021,urn:us-la:rs:48:2021,R.S. 48:2021,1815
urn:us-la:rs:14:112.3,rs,14:112.3,rs,14:112.2,urn:us-la:rs:14:112.2,R.S. 14:112.2,399
urn:us-la:rs:14:112.4,rs,14:112.4,rs,40:2402,urn:us-la:rs:40:2402,R.S. 40:2402,2355
urn:us-la:rs:14:118,rs,14:118,rs,14:2,urn:us-la:rs:14:2,R.S. 14:2,1112
urn:us-la:rs:14:118,rs,14:118,rs,13:4202,urn:us-la:rs:13:4202,R.S. 13:4202,1836
urn:us-la:rs:14:118,rs,14:118,rs,15:41,urn:us-la:rs:15:41,R.S. 15:41,2767
urn:us-la:rs:14:120,rs,14:120,rs,14:118,urn:us-la:rs:14:118,R.S. 14:118,323
urn:us-la:rs:14:120,rs,14:120,rs,13:4202,urn:us-la:rs:13:4202,R.S. 13:4202,925
urn:us-la:rs:14:126.4,rs,14:126.4,rs,32:666,urn:us-la:rs:32:666,R.S. 32:666,86
urn:us-la:rs:14:130.1,rs,14:130.1,rs,14:30,urn:us-la:rs:14:30,R.S. 14:30,1700
urn:us-la:rs:14:130.1,rs,14:130.1,rs,46:1844,urn:us-la:rs:46:1844,R.S. 46:1844,3011
urn:us-la:rs:14:130.1,rs,14:130.1,rs,46:2132,urn:us-la:rs:46:2132,R.S. 46:2132,5428
urn:us-la:rs:14:132,rs,14:132,rs,44:1,urn:us-la:rs:44:1,R.S. 44:1,483
urn:us-la:rs:14:132,rs,14:132,rs,44:36,urn:us-la:rs:44:36,R.S. 44:36,598
urn:us-la:rs:14:133,rs,14:133,rs,13:4202,urn:us-la:rs:13:4202,R.S. 13:4202,1164
urn:us-la:rs:14:133.7,rs,14:133.7,crp,971,,Code of Criminal Procedure Article 971,423
urn:us-la:rs:14:134,rs,14:134,rs,32:43,urn:us-la:rs:32:43,R.S. 32:43,322
urn:us-la:rs:14:134,rs,14:134,rs,13:4202,urn:us-la:rs:13:4202,R.S. 13:4202,2991
urn:us-la:rs:14:134,rs,14:134,rs,40:2405,urn:us-la:rs:40:2405,R.S. 40:2405,3237
urn:us-la:rs:14:134.3,rs,14:134.3,rs,13:4202,urn:us-la:rs:13:4202,R.S. 13:4202,943
urn:us-la:rs:14:136,rs,14:136,rs,14:135,urn:us-la:rs:14:135,R.S. 14:135,984
urn:us-la:rs:14:138,rs,14:138,rs,13:4202,urn:us-la:rs:13:4202,R.S. 13:4202,1987
urn:us-la:rs:14:139.1,rs,14:139.1,rs,24:513,urn:us-la:rs:24:513,R.S. 24:513,908
urn:us-la:rs:14:139.1,rs,14:139.1,rs,24:513,urn:us-la:rs:24:513,R.S. 24:513,1202
urn:us-la:rs:14:139.2,rs,14:139.2,rs,24:513,urn:us-la:rs:24:513,R.S. 24:513,826
urn:us-la:rs:14:140,rs,14:140,rs,13:4202,urn:us-la:rs:13:4202,R.S. 13:4202,2240
urn:us-la:rs:14:143,rs,14:143,rs,14:63,urn:us-la:rs:14:63,R.S. 14:63,966
urn:us-la:rs:14:143,rs,14:143,rs,14:67,urn:us-la:rs:14:67,R.S. 14:67,1003
urn:us-la:rs:14:143,rs,14:143,rs,14:67.2,urn:us-la:rs:14:67.2,R.S. 14:67.2,1124
urn:us-la:rs:14:143,rs,14:143,rs,14:67.3,urn:us-la:rs:14:67.3,R.S. 14:67.3,1258
urn:us-la:rs:14:143,rs,14:143,rs,14:67.4,urn:us-la:rs:14:67.4,R.S. 14:67.4,1322
urn:us-la:rs:14:143,rs,14:143,rs,14:67.5,urn:us-la:rs:14:67.5,R.S. 14:67.5,1385
urn:us-la:rs:14:143,rs,14:143,rs,14:67.6,urn:us-la:rs:14:67.6,R.S. 14:67.6,1424
urn:us-la:rs:14:143,rs,14:143,rs,14:67.10,urn:us-la:rs:14:67.10,R.S. 14:67.10,1493
urn:us-la:rs:14:143,rs,14:143,rs,14:67.12,urn:us-la:rs:14:67.12,R.S. 14:67.12,1626
urn:us-la:rs:14:143,rs,14:143,rs,14:67.13,urn:us-la:rs:14:67.13,R.S. 14:67.13,1665
urn:us-la:rs:14:143,rs,14:143,rs,14:69,urn:us-la:rs:14:69,R.S. 14:69,1806
urn:us-la:rs:14:143,rs,14:143,rs,14:82,urn:us-la:rs:14:82,R.S. 14:82,1939
urn:us-la:rs:14:143,rs,14:143,rs,14:93.2.1,urn:us-la:rs:14:93.2.1,R.S. 14:93.2.1,1978
urn:us-la:rs:14:143,rs,14:143,rs,14:222.1,urn:us-la:rs:14:222.1,R.S. 14:222.1,2018
urn:us-la:rs:14:143,rs,14:143,rs,14:285,urn:us-la:rs:14:285,R.S. 14:285,2096
urn:us-la:rs:14:143,rs,14:143,rs,40:966,urn:us-la:rs:40:966,R.S. 40:966,2154
urn:us-la:rs:14:143,rs,14:143,rs,40:1021,urn:us-la:rs:40:1021,R.S. 40:1021,2205
urn:us-la:rs:14:143,rs,14:143,rs,14:35.3,urn:us-la:rs:14:35.3,R.S. 14:35.3,2305
urn:us-la:rs:14:143,rs,14:143,rs,13:1894.1,urn:us-la:rs:13:1894.1,R.S. 13:1894.1,2703
urn:us-la:rs:14:143,rs,14:143,rs,40:966,urn:us-la:rs:40:966,R.S. 40:966,2721
urn:us-la:rs:14:202.1,rs,14:202.1,rs,9:4856,urn:us-la:rs:9:4856,R.S. 9:4856,4437
urn:us-la:rs:14:202.2,rs,14:202.2,rs,47:6030,urn:us-la:rs:47:6030,R.S. 47:6030,198
urn:us-la:rs:14:202.2,rs,14:202.2,rs,47:6030,urn:us-la:rs:47:6030,R.S. 47:6030,249
urn:us-la:rs:14:202.2,rs,14:202.2,rs,47:6030,urn:us-la:rs:47:6030,R.S. 47:6030,768
urn:us-la:rs:14:202.2,rs,14:202.2,rs,14:202.1,urn:us-la:rs:14:202.1,R.S. 14:202.1,1011
urn:us-la:rs:14:202.2,rs,14:202.2,rs,51:1401,urn:us-la:rs:51:1401,R.S. 51:1401,2300
urn:us-la:rs:14:202.2,rs,14:202.2,rs,47:6030,urn:us-la:rs:47:6030,R.S. 47:6030,3120
urn:us-la:rs:14:202.2,rs,14:202.2,rs,47:6030,urn:us-la:rs:47:6030,R.S. 47:6030,3518
urn:us-la:rs:14:206,rs,14:206,rs,40:1646,urn:us-la:rs:40:1646,R.S. 40:1646,344
urn:us-la:rs:14:206,rs,14:206,rs,51:650,urn:us-la:rs:51:650,R.S. 51:650,594
urn:us-la:rs:14:206.1,rs,14:206.1,rs,40:1664.3,urn:us-la:rs:40:1664.3,R.S. 40:1664.3,131
urn:us-la:rs:14:206.1,rs,14:206.1,rs,40:1664.4,urn:us-la:rs:40:1664.4,R.S. 40:1664.4,196
urn:us-la:rs:14:206.1,rs,14:206.1,rs,40:1664.4,urn:us-la:rs:40:1664.4,R.S. 40:1664.4,792
urn:us-la:rs:14:206.1,rs,14:206.1,rs,15:571.11,urn:us-la:rs:15:571.11,R.S. 15:571.11,1112
urn:us-la:rs:14:206.1,rs,14:206.1,rs,40:1664.9,urn:us-la:rs:40:1664.9,R.S. 40:1664.9,1304
urn:us-la:rs:14:207,rs,14:207,rs,32:1,urn:us-la:rs:32:1,R.S. 32:1,225
urn:us-la:rs:14:207,rs,14:207,rs,32:1,urn:us-la:rs:32:1,R.S. 32:1,474
urn:us-la:rs:14:220,rs,14:220,rs,13:3204,urn:us-la:rs:13:3204,R.S. 13:3204,1009
urn:us-la:rs:14:222,rs,14:222,rs,14:67,urn:us-la:rs:14:67,R.S. 14:67,274
urn:us-la:rs:14:222,rs,14:222,rs,14:67,urn:us-la:rs:14:67,R.S. 14:67,1791
urn:us-la:rs:14:222.1,rs,14:222.1,rs,14:67,urn:us-la:rs:14:67,R.S. 14:67,1615
urn:us-la:rs:14:222.1,rs,14:222.1,rs,14:67,urn:us-la:rs:14:67,R.S. 14:67,3253
urn:us-la:rs:14:222.3,rs,14:222.3,rs,15:1317,urn:us-la:rs:15:1317,R.S. 15:1317,2785
urn:us-la:rs:14:223,rs,14:223,rs,14:223.3,urn:us-la:rs:14:223.3,R.S. 14:223.3,408
urn:us-la:rs:14:223.1,rs,14:223.1,rs,14:223,urn:us-la:rs:14:223,R.S. 14:223,65
urn:us-la:rs:14:223.1,rs,14:223.1,rs,14:223.5,urn:us-la:rs:14:223.5,R.S. 14:223.5,556
urn:us-la:rs:14:223.2,rs,14:223.2,rs,14:223,urn:us-la:rs:14:223,R.S. 14:223,0
urn:us-la:rs:14:223.3,rs,14:223.3,rs,14:223,urn:us-la:rs:14:223,R.S. 14:223,128
urn:us-la:rs:14:223.3,rs,14:223.3,rs,14:223,urn:us-la:rs:14:223,R.S. 14:223,229
urn:us-la:rs:14:223.3,rs,14:223.3,rs,14:223.7,urn:us-la:rs:14:223.7,R.S. 14:223.7,320
urn:us-la:rs:14:223.3,rs,14:223.3,rs,14:223.6,urn:us-la:rs:14:223.6,R.S. 14:223.6,452
urn:us-la:rs:14:223.3,rs,14:223.3,rs,14:223.7,urn:us-la:rs:14:223.7,R.S. 14:223.7,594
urn:us-la:rs:14:223.3,rs,14:223.3,rs,14:223.8,urn:us-la:rs:14:223.8,R.S. 14:223.8,966
urn:us-la:rs:14:223.3,rs,14:223.3,rs,14:223,urn:us-la:rs:14:223,R.S. 14:223,1189
urn:us-la:rs:14:223.3,rs,14:223.3,rs,14:223.7,urn:us-la:rs:14:223.7,R.S. 14:223.7,1277
urn:us-la:rs:14:223.3,rs,14:223.3,rs,14:223.6,urn:us-la:rs:14:223.6,R.S. 14:223.6,1406
urn:us-la:rs:14:223.3,rs,14:223.3,rs,14:223.7,urn:us-la:rs:14:223.7,R.S. 14:223.7,1545
urn:us-la:rs:14:223.3,rs,14:223.3,rs,14:223,urn:us-la:rs:14:223,R.S. 14:223,1947
urn:us-la:rs:14:223.3,rs,14:223.3,rs,14:223,urn:us-la:rs:14:223,R.S. 14:223,2226
urn:us-la:rs:14:223.4,rs,14:223.4,rs,14:223,urn:us-la:rs:14:223,R.S. 14:223,11
urn:us-la:rs:14:223.5,rs,14:223.5,rs,14:223.3,urn:us-la:rs:14:223.3,R.S. 14:223.3,597
urn:us-la:rs:14:223.6,rs,14:223.6,rs,14:223.3,urn:us-la:rs:14:223.3,R.S. 14:223.3,517
urn:us-la:rs:14:223.7,rs,14:223.7,rs,14:223.3,urn:us-la:rs:14:223.3,R.S. 14:223.3,303
urn:us-la:rs:14:223.8,rs,14:223.8,rs,14:223,urn:us-la:rs:14:223,R.S. 14:223,53
urn:us-la:rs:14:223.8,rs,14:223.8,rs,14:223.3,urn:us-la:rs:14:223.3,R.S. 14:223.3,436
urn:us-la:rs:14:230,rs,14:230,rs,40:2402,urn:us-la:rs:40:2402,R.S. 40:2402,1152
urn:us-la:rs:14:230.1,rs,14:230.1,rs,14:67.16,urn:us-la:rs:14:67.16,R.S. 14:67.16,913
urn:us-la:rs:14:230.1,rs,14:230.1,rs,14:70.4,urn:us-la:rs:14:70.4,R.S. 14:70.4,955
urn:us-la:rs:14:230.1,rs,14:230.1,rs,14:70.8,urn:us-la:rs:14:70.8,R.S. 14:70.8,1015
urn:us-la:rs:14:230.1,rs,14:230.1,rs,14:71.1,urn:us-la:rs:14:71.1,R.S. 14:71.1,1047
urn:us-la:rs:14:230.1,rs,14:230.1,rs,14:72.2,urn:us-la:rs:14:72.2,R.S. 14:72.2,1094
urn:us-la:rs:14:230.1,rs,14:230.1,rs,14:73.5,urn:us-la:rs:14:73.5,R.S. 14:73.5,1130
urn:us-la:rs:14:230.1,rs,14:230.1,rs,14:230,urn:us-la:rs:14:230,R.S. 14:230,1232
urn:us-la:rs:14:230.1,rs,14:230.1,rs,40:2608,urn:us-la:rs:40:2608,R.S. 40:2608,2911
urn:us-la:rs:14:230.1,rs,14:230.1,rs,14:90.1,urn:us-la:rs:14:90.1,R.S. 14:90.1,2930
urn:us-la:rs:14:283,rs,14:283,rs,15:541,urn:us-la:rs:15:541,R.S. 15:541,3531
urn:us-la:rs:14:283.2,rs,14:283.2,rs,14:81.1.1,urn:us-la:rs:14:81.1.1,R.S. 14:81.1.1,3176
urn:us-la:rs:14:286,rs,14:286,rs,9:2718,urn:us-la:rs:9:2718,R.S. 9:2718,1319
urn:us-la:rs:14:286,rs,14:286,rs,9:2718.1,urn:us-la:rs:9:2718.1,R.S. 9:2718.1,2829
urn:us-la:rs:14:286,rs,14:286,rs,14:87.1,urn:us-la:rs:14:87.1,R.S. 14:87.1,3182
urn:us-la:rs:14:313,rs,14:313,rs,24:932,urn:us-la:rs:24:932,R.S. 24:932,2294
urn:us-la:rs:14:313.1,rs,14:313.1,rs,24:932,urn:us-la:rs:24:932,R.S. 24:932,103
urn:us-la:rs:14:323,rs,14:323,rs,46:2136,urn:us-la:rs:46:2136,R.S. 46:2136,3018
urn:us-la:rs:14:323,rs,14:323,rs,46:2135,urn:us-la:rs:46:2135,R.S. 46:2135,3079
urn:us-la:rs:14:325,rs,14:325,rs,49:222,urn:us-la:rs:49:222,R.S. 49:222,1087
urn:us-la:rs:14:326,rs,14:326,rs,51:2232,urn:us-la:rs:51:2232,R.S. 51:2232,1518
urn:us-la:rs:14:327,rs,14:327,rs,40:1075.3,urn:us-la:rs:40:1075.3,R.S. 40:1075.3,761
urn:us-la:rs:14:327,rs,14:327,rs,40:1131,urn:us-la:rs:40:1131,R.S. 40:1131,842
urn:us-la:rs:14:327,rs,14:327,rs,14:27,urn:us-la:rs:14:27,R.S. 14:27,2903
urn:us-la:rs:14:329.3,rs,14:329.3,rs,14:329.1,urn:us-la:rs:14:329.1,R.S. 14:329.1,148
urn:us-la:rs:14:329.3,rs,14:329.3,rs,14:329.7,urn:us-la:rs:14:329.7,R.S. 14:329.7,482
urn:us-la:rs:14:329.4,rs,14:329.4,rs,14:329.1,urn:us-la:rs:14:329.1,R.S. 14:329.1,580
urn:us-la:rs:14:329.5,rs,14:329.5,rs,14:329.1,urn:us-la:rs:14:329.1,R.S. 14:329.1,1936
urn:us-la:rs:14:329.6,rs,14:329.6,rs,29:724,urn:us-la:rs:29:724,R.S. 29:724,4934
urn:us-la:rs:14:329.6,rs,14:329.6,rs,29:723,urn:us-la:rs:29:723,R.S. 29:723,6596
urn:us-la:rs:14:329.6,rs,14:329.6,rs,29:723,urn:us-la:rs:29:723,R.S. 29:723,6669
urn:us-la:rs:14:329.7,rs,14:329.7,rs,14:329.1,urn:us-la:rs:14:329.1,R.S. 14:329.1,417
urn:us-la:rs:14:329.7,rs,14:329.7,rs,14:329.1,urn:us-la:rs:14:329.1,R.S. 14:329.1,686
urn:us-la:rs:14:329.8,rs,14:329.8,rs,14:329.1,urn:us-la:rs:14:329.1,R.S. 14:329.1,18
urn:us-la:rs:14:329.8,rs,14:329.8,rs,29:701,urn:us-la:rs:29:701,R.S. 29:701,188
urn:us-la:rs:14:334,rs,14:334,rs,15:306,urn:us-la:rs:15:306,R.S. 15:306,163
urn:us-la:rs:14:337,rs,14:337,rs,14:402,urn:us-la:rs:14:402,R.S. 14:402,2510
urn:us-la:rs:14:337,rs,14:337,rs,14:40.6,urn:us-la:rs:14:40.6,R.S. 14:40.6,2949
urn:us-la:rs:14:337,rs,14:337,rs,14:61,urn:us-la:rs:14:61,R.S. 14:61,3009
urn:us-la:rs:14:337,rs,14:337,rs,3:41,urn:us-la:rs:3:41,R.S. 3:41,5470
urn:us-la:rs:14:355,rs,14:355,rs,13:3881,urn:us-la:rs:13:3881,R.S. 13:3881,54
urn:us-la:rs:14:355,rs,14:355,rs,13:3881,urn:us-la:rs:13:3881,R.S. 13:3881,210
urn:us-la:rs:14:358,rs,14:358,rs,14:358,urn:us-la:rs:14:358,R.S. 14:358,4369
urn:us-la:rs:14:358,rs,14:358,rs,14:358,urn:us-la:rs:14:358,R.S. 14:358,4469
urn:us-la:rs:14:358,rs,14:358,rs,14:358,urn:us-la:rs:14:358,R.S. 14:358,5102
urn:us-la:rs:14:358,rs,14:358,rs,14:358,urn:us-la:rs:14:358,R.S. 14:358,5263
urn:us-la:rs:14:358,rs,14:358,rs,14:358,urn:us-la:rs:14:358,R.S. 14:358,5438
urn:us-la:rs:14:359,rs,14:359,rs,14:358,urn:us-la:rs:14:358,R.S. 14:358,11
urn:us-la:rs:14:359,rs,14:359,rs,14:358,urn:us-la:rs:14:358,R.S. 14:358,734
urn:us-la:rs:14:359,rs,14:359,rs,14:358,urn:us-la:rs:14:358,R.S. 14:358,1462
urn:us-la:rs:14:359,rs,14:359,rs,14:358,urn:us-la:rs:14:358,R.S. 14:358,2901
urn:us-la:rs:14:360,rs,14:360,rs,14:358,urn:us-la:rs:14:358,R.S. 14:358,455
urn:us-la:rs:14:360,rs,14:360,rs,14:358,urn:us-la:rs:14:358,R.S. 14:358,830
urn:us-la:rs:14:360,rs,14:360,rs,14:359,urn:us-la:rs:14:359,R.S. 14:359,1837
urn:us-la:rs:14:361,rs,14:361,rs,14:360,urn:us-la:rs:14:360,R.S. 14:360,23
urn:us-la:rs:14:362,rs,14:362,rs,14:358,urn:us-la:rs:14:358,R.S. 14:358,55
urn:us-la:rs:14:362,rs,14:362,rs,14:358,urn:us-la:rs:14:358,R.S. 14:358,2126
urn:us-la:rs:14:363,rs,14:363,rs,14:358,urn:us-la:rs:14:358,R.S. 14:358,55
urn:us-la:rs:14:363,rs,14:363,rs,14:358,urn:us-la:rs:14:358,R.S. 14:358,785
urn:us-la:rs:14:364,rs,14:364,rs,14:358,urn:us-la:rs:14:358,R.S. 14:358,72
urn:us-la:rs:14:365,rs,14:365,rs,14:358,urn:us-la:rs:14:358,R.S. 14:358,59
urn:us-la:rs:14:366,rs,14:366,rs,14:358,urn:us-la:rs:14:358,R.S. 14:358,134
urn:us-la:rs:14:366,rs,14:366,rs,14:358,urn:us-la:rs:14:358,R.S. 14:358,461
urn:us-la:rs:14:366,rs,14:366,rs,14:358,urn:us-la:rs:14:358,R.S. 14:358,805
urn:us-la:rs:14:367,rs,14:367,rs,14:358,urn:us-la:rs:14:358,R.S. 14:358,239
urn:us-la:rs:14:368,rs,14:368,rs,14:363,urn:us-la:rs:14:363,R.S. 14:363,99
urn:us-la:rs:14:368,rs,14:368,rs,14:358,urn:us-la:rs:14:358,R.S. 14:358,157
urn:us-la:rs:14:368,rs,14:368,rs,14:362,urn:us-la:rs:14:362,R.S. 14:362,406
urn:us-la:rs:14:368,rs,14:368,rs,14:362,urn:us-la:rs:14:362,R.S. 14:362,485
urn:us-la:rs:14:368,rs,14:368,rs,14:367,urn:us-la:rs:14:367,R.S. 14:367,539
urn:us-la:rs:14:369,rs,14:369,rs,14:368,urn:us-la:rs:14:368,R.S. 14:368,59
urn:us-la:rs:14:369,rs,14:369,rs,14:362,urn:us-la:rs:14:362,R.S. 14:362,249
urn:us-la:rs:14:369,rs,14:369,rs,14:358,urn:us-la:rs:14:358,R.S. 14:358,303
urn:us-la:rs:14:370,rs,14:370,rs,14:368,urn:us-la:rs:14:368,R.S. 14:368,96
urn:us-la:rs:14:372,rs,14:372,rs,14:359,urn:us-la:rs:14:359,R.S. 14:359,557
urn:us-la:rs:14:373,rs,14:373,rs,14:358,urn:us-la:rs:14:358,R.S. 14:358,0
urn:us-la:rs:14:387,rs,14:387,rs,14:386,urn:us-la:rs:14:386,R.S. 14:386,42
urn:us-la:rs:14:388,rs,14:388,rs,14:386,urn:us-la:rs:14:386,R.S. 14:386,70
urn:us-la:rs:14:388,rs,14:388,rs,14:123,urn:us-la:rs:14:123,R.S. 14:123,178
urn:us-la:rs:14:390,rs,14:390,rs,14:390,urn:us-la:rs:14:390,R.S. 14:390,41
urn:us-la:rs:14:390.1,rs,14:390.1,rs,14:390,urn:us-la:rs:14:390,R.S. 14:390,1913
urn:us-la:rs:14:390.3,rs,14:390.3,rs,14:390,urn:us-la:rs:14:390,R.S. 14:390,782
urn:us-la:rs:14:390.4,rs,14:390.4,rs,14:390,urn:us-la:rs:14:390,R.S. 14:390,14
urn:us-la:rs:14:390.6,rs,14:390.6,rs,14:390,urn:us-la:rs:14:390,R.S. 14:390,78
urn:us-la:rs:14:390.7,rs,14:390.7,rs,14:390,urn:us-la:rs:14:390,R.S. 14:390,49
urn:us-la:rs:14:390.8,rs,14:390.8,rs,14:390,urn:us-la:rs:14:390,R.S. 14:390,0
urn:us-la:rs:14:402,rs,14:402,rs,40:961,urn:us-la:rs:40:961,R.S. 40:961,415
urn:us-la:rs:14:402,rs,14:402,rs,40:961,urn:us-la:rs:40:961,R.S. 40:961,804
urn:us-la:rs:14:402,rs,14:402,rs,40:961,urn:us-la:rs:40:961,R.S. 40:961,989
urn:us-la:rs:14:402,rs,14:402,rs,14:91.6,urn:us-la:rs:14:91.6,R.S. 14:91.6,3499
urn:us-la:rs:14:402,rs,14:402,rs,40:961,urn:us-la:rs:40:961,R.S. 40:961,5032
urn:us-la:rs:14:402.1,rs,14:402.1,rs,40:961,urn:us-la:rs:40:961,R.S. 40:961,581
urn:us-la:rs:14:403,rs,14:403,rs,14:41,urn:us-la:rs:14:41,R.S. 14:41,2309
urn:us-la:rs:14:403.1,rs,14:403.1,rs,32:663,urn:us-la:rs:32:663,R.S. 32:663,5888
urn:us-la:rs:14:403.1,rs,14:403.1,rs,17:443,urn:us-la:rs:17:443,R.S. 17:443,7504
urn:us-la:rs:14:403.1,rs,14:403.1,rs,17:462,urn:us-la:rs:17:462,R.S. 17:462,7517
urn:us-la:rs:14:403.1,rs,14:403.1,rs,17:493,urn:us-la:rs:17:493,R.S. 17:493,7530
urn:us-la:rs:14:403.1,rs,14:403.1,rs,17:523,urn:us-la:rs:17:523,R.S. 17:523,7543
urn:us-la:rs:14:403.1,rs,14:403.1,rs,17:533,urn:us-la:rs:17:533,R.S. 17:533,7559
urn:us-la:rs:14:403.1,rs,14:403.1,rs,17:443,urn:us-la:rs:17:443,R.S. 17:443,7751
urn:us-la:rs:14:403.2,rs,14:403.2,rs,15:1504,urn:us-la:rs:15:1504,R.S. 15:1504,25
urn:us-la:rs:14:403.2,rs,14:403.2,rs,15:1503,urn:us-la:rs:15:1503,R.S. 15:1503,921
urn:us-la:rs:14:403.6,rs,14:403.6,rs,15:1507,urn:us-la:rs:15:1507,R.S. 15:1507,272
urn:us-la:rs:14:403.9,rs,14:403.9,rs,14:112.1,urn:us-la:rs:14:112.1,R.S. 14:112.1,1519
urn:us-la:rs:14:403.10,rs,14:403.10,rs,40:1021,urn:us-la:rs:40:1021,R.S. 40:1021,330
urn:us-la:rs:14:403.10,rs,14:403.10,rs,40:1021,urn:us-la:rs:40:1021,R.S. 40:1021,1233
urn:us-la:rs:14:511,rs,14:511,rs,9:3500,urn:us-la:rs:9:3500,R.S. 9:3500,500
urn:us-la:rs:14:601,rs,14:601,rs,24:513,urn:us-la:rs:24:513,R.S. 24:513,3352
